{"href": "https://api.spotify.com/v1/artists/6vWDO969PvNqNYHIOW5v0m/albums?offset=0&limit=20&include_groups=album,single,compilation,appears_on", "items": [{"album_group": "album", "album_type": "album", "artists": [{"external_urls": {"spotify": "https://open.spotify.com/artist/6vWDO969PvNqNYHIOW5v0m"}, "href": "https://api.spotify.com/v1/artists/6vWDO969PvNqNYHIOW5v0m", "id": "6vWDO969PvNqNYHIOW5v0m", "name": "Beyonc\u00e9", "type": "artist", "uri": "spotify:artist:6vWDO969PvNqNYHIOW5v0m"}], "available_markets": ["AD", "AR", "AT", "AU", "BE", "BG", "BO", "BR", "CA", "CH", "CL", "CO", "CR", "CY", "CZ", "DE", "DK", "DO", "DZ", "EC", "EE", "ES", "FI", "FR", "GB", "GR", "GT", "HK", "HN", "HU", "ID", "IE", "IL", "IN", "IS", "IT", "JP", "LI", "LT", "LU", "LV", "MA", "MC", "MT", "MX", "MY", "NI", "NL", "NO", "NZ", "PA", "PE", "PH", "PL", "PT", "PY", "RO", "SE", "SG", "SK", "SV", "TH", "TN", "TR", "TW", "US", "UY", "VN", "ZA"], "external_urls": {"spotify": "https://open.spotify.com/album/2UJwKSBUz6rtW4QLK74kQu"}, "href": "https://api.spotify.com/v1/albums/2UJwKSBUz6rtW4QLK74kQu", "id": "2UJwKSBUz6rtW4QLK74kQu", "images": [{"height": 640, "url": "https://i.scdn.co/image/98be8968e1c29e6ef80831c5867733d2e687b508", "width": 640}, {"height": 300, "url": "https://i.scdn.co/image/a986d5fe5780115541b5c33e89ed66272e5d4c0f", "width": 300}, {"height": 64, "url": "https://i.scdn.co/image/20787cddd28d8b7335f9cc8baff2b097d27558d1", "width": 64}], "name": "BEYONC\u00c9 [Platinum Edition]", "release_date": "2014-11-24", "release_date_precision": "day", "total_tracks": 20, "type": "album", "uri": "spotify:album:2UJwKSBUz6rtW4QLK74kQu"}, {"album_group": "album", "album_type": "album", "artists": [{"external_urls": {"spotify": "https://open.spotify.com/artist/6vWDO969PvNqNYHIOW5v0m"}, "href": "https://api.spotify.com/v1/artists/6vWDO969PvNqNYHIOW5v0m", "id": "6vWDO969PvNqNYHIOW5v0m", "name": "Beyonc\u00e9", "type": "artist", "uri": "spotify:artist:6vWDO969PvNqNYHIOW5v0m"}], "available_markets": ["AE", "AR", "AU", "BH", "BO", "CA", "CL", "CO", "CR", "DO", "EC", "EG", "GT", "HK", "HN", "ID", "IE", "IN", "JO", "JP", "KW", "LB", "MX", "MY", "NI", "NZ", "OM", "PA", "PE", "PH", "PS", "PY", "QA", "SA", "SG", "SV", "TH", "TW", "US", "UY", "VN", "ZA"], "external_urls": {"spotify": "https://open.spotify.com/album/6KPiNRUaPSuFVes2xEUjYk"}, "href": "https://api.spotify.com/v1/albums/6KPiNRUaPSuFVes2xEUjYk", "id": "6KPiNRUaPSuFVes2xEUjYk", "images": [{"height": 640, "url": "https://i.scdn.co/image/98be8968e1c29e6ef80831c5867733d2e687b508", "width": 640}, {"height": 300, "url": "https://i.scdn.co/image/a986d5fe5780115541b5c33e89ed66272e5d4c0f", "width": 300}, {"height": 64, "url": "https://i.scdn.co/image/20787cddd28d8b7335f9cc8baff2b097d27558d1", "width": 64}], "name": "BEYONC\u00c9 [Platinum Edition]", "release_date": "2014-11-24", "release_date_precision": "day", "total_tracks": 20, "type": "album", "uri": "spotify:album:6KPiNRUaPSuFVes2xEUjYk"}, {"album_group": "album", "album_type": "album", "artists": [{"external_urls": {"spotify": "https://open.spotify.com/artist/6vWDO969PvNqNYHIOW5v0m"}, "href": "https://api.spotify.com/v1/artists/6vWDO969PvNqNYHIOW5v0m", "id": "6vWDO969PvNqNYHIOW5v0m", "name": "Beyonc\u00e9", "type": "artist", "uri": "spotify:artist:6vWDO969PvNqNYHIOW5v0m"}], "available_markets": ["AD", "AE", "AR", "AT", "AU", "BE", "BG", "BH", "BO", "BR", "CA", "CH", "CL", "CO", "CR", "CY", "CZ", "DK", "DO", "DZ", "EC", "EE", "EG", "ES", "FI", "FR", "GB", "GR", "GT", "HK", "HN", "HU", "ID", "IE", "IL", "IN", "IS", "IT", "JO", "KW", "LB", "LI", "LT", "LU", "LV", "MA", "MC", "MT", "MX", "MY", "NI", "NL", "NO", "NZ", "OM", "PA", "PE", "PH", "PL", "PS", "PT", "PY", "QA", "RO", "SA", "SE", "SG", "SK", "SV", "TH", "TN", "TR", "TW", "UY", "VN", "ZA"], "external_urls": {"spotify": "https://open.spotify.com/album/7vZizzCMyhrVSDe7ngA7i8"}, "href": "https://api.spotify.com/v1/albums/7vZizzCMyhrVSDe7ngA7i8", "id": "7vZizzCMyhrVSDe7ngA7i8", "images": [{"height": 640, "url": "https://i.scdn.co/image/f4dd67d5b2ab6ea30ae9b22768aec9dd8ccd2a4b", "width": 640}, {"height": 300, "url": "https://i.scdn.co/image/cd002a614047481b63625f5387c79a017cae3326", "width": 300}, {"height": 64, "url": "https://i.scdn.co/image/001bb5c6f3c725fbcff9283d9339f00171af1a64", "width": 64}], "name": "4: The Remix", "release_date": "2012-04-23", "release_date_precision": "day", "total_tracks": 6, "type": "album", "uri": "spotify:album:7vZizzCMyhrVSDe7ngA7i8"}, {"album_group": "album", "album_type": "album", "artists": [{"external_urls": {"spotify": "https://open.spotify.com/artist/6vWDO969PvNqNYHIOW5v0m"}, "href": "https://api.spotify.com/v1/artists/6vWDO969PvNqNYHIOW5v0m", "id": "6vWDO969PvNqNYHIOW5v0m", "name": "Beyonc\u00e9", "type": "artist", "uri": "spotify:artist:6vWDO969PvNqNYHIOW5v0m"}], "available_markets": ["AD", "AE", "AT", "BE", "BH", "CH", "DE", "DK", "DZ", "EE", "EG", "ES", "FI", "FR", "HK", "ID", "IN", "IS", "JO", "KW", "LB", "LI", "LT", "LU", "LV", "MA", "MC", "NL", "NO", "OM", "PH", "PS", "QA", "SA", "SE", "SG", "TN", "VN"], "external_urls": {"spotify": "https://open.spotify.com/album/6sUoihv7EBflLLP4VriHUe"}, "href": "https://api.spotify.com/v1/albums/6sUoihv7EBflLLP4VriHUe", "id": "6sUoihv7EBflLLP4VriHUe", "images": [{"height": 640, "url": "https://i.scdn.co/image/63d552eddb0249291c1c7d7947488f8052e1cb96", "width": 640}, {"height": 300, "url": "https://i.scdn.co/image/9cbf89668b6f5696abd32e7db0bd68b11cf95788", "width": 300}, {"height": 64, "url": "https://i.scdn.co/image/c4b732219fe6f69f92b24935b6dcd65f980f292c", "width": 64}], "name": "4", "release_date": "2012-01-06", "release_date_precision": "day", "total_tracks": 18, "type": "album", "uri": "spotify:album:6sUoihv7EBflLLP4VriHUe"}, {"album_group": "album", "album_type": "album", "artists": [{"external_urls": {"spotify": "https://open.spotify.com/artist/6vWDO969PvNqNYHIOW5v0m"}, "href": "https://api.spotify.com/v1/artists/6vWDO969PvNqNYHIOW5v0m", "id": "6vWDO969PvNqNYHIOW5v0m", "name": "Beyonc\u00e9", "type": "artist", "uri": "spotify:artist:6vWDO969PvNqNYHIOW5v0m"}], "available_markets": ["AD", "AE", "BH", "DZ", "EG", "FR", "JO", "KW", "LB", "MA", "MC", "OM", "PS", "QA", "SA", "TN"], "external_urls": {"spotify": "https://open.spotify.com/album/4DfyaKILaTMAMxHW2CHOn3"}, "href": "https://api.spotify.com/v1/albums/4DfyaKILaTMAMxHW2CHOn3", "id": "4DfyaKILaTMAMxHW2CHOn3", "images": [{"height": 640, "url": "https://i.scdn.co/image/447651e8cad2b53969d098593008ee3d35264519", "width": 640}, {"height": 300, "url": "https://i.scdn.co/image/30fd3743710067d3800ad542a72d823c97ef7a0b", "width": 300}, {"height": 64, "url": "https://i.scdn.co/image/19a9370fe8c4ef3b7183de656bf104c1627a40ef", "width": 64}], "name": "4", "release_date": "2011-06-24", "release_date_precision": "day", "total_tracks": 12, "type": "album", "uri": "spotify:album:4DfyaKILaTMAMxHW2CHOn3"}, {"album_group": "album", "album_type": "album", "artists": [{"external_urls": {"spotify": "https://open.spotify.com/artist/6vWDO969PvNqNYHIOW5v0m"}, "href": "https://api.spotify.com/v1/artists/6vWDO969PvNqNYHIOW5v0m", "id": "6vWDO969PvNqNYHIOW5v0m", "name": "Beyonc\u00e9", "type": "artist", "uri": "spotify:artist:6vWDO969PvNqNYHIOW5v0m"}], "available_markets": ["AE", "AT", "AU", "BE", "BH", "CH", "DE", "DK", "EE", "EG", "ES", "FI", "GB", "IE", "IS", "JO", "KW", "LB", "LI", "LT", "LU", "LV", "NL", "NO", "NZ", "OM", "PS", "QA", "SA", "SE"], "external_urls": {"spotify": "https://open.spotify.com/album/7cvVgT5RXbcUo9Qw4nq31D"}, "href": "https://api.spotify.com/v1/albums/7cvVgT5RXbcUo9Qw4nq31D", "id": "7cvVgT5RXbcUo9Qw4nq31D", "images": [{"height": 640, "url": "https://i.scdn.co/image/89dab184c4c22065b5dd6e3ae1825ac890acdf61", "width": 640}, {"height": 300, "url": "https://i.scdn.co/image/d96d5f0151fdcc55aa87ce76077e0f1224e28b77", "width": 300}, {"height": 64, "url": "https://i.scdn.co/image/9fb339424e85fcf084e2b3f1cf6d724635a1a7c3", "width": 64}], "name": "4", "release_date": "2011-06-24", "release_date_precision": "day", "total_tracks": 12, "type": "album", "uri": "spotify:album:7cvVgT5RXbcUo9Qw4nq31D"}, {"album_group": "album", "album_type": "album", "artists": [{"external_urls": {"spotify": "https://open.spotify.com/artist/6vWDO969PvNqNYHIOW5v0m"}, "href": "https://api.spotify.com/v1/artists/6vWDO969PvNqNYHIOW5v0m", "id": "6vWDO969PvNqNYHIOW5v0m", "name": "Beyonc\u00e9", "type": "artist", "uri": "spotify:artist:6vWDO969PvNqNYHIOW5v0m"}], "available_markets": ["AD", "AE", "AR", "AT", "AU", "BE", "BG", "BH", "BO", "BR", "CA", "CH", "CL", "CO", "CR", "CY", "CZ", "DE", "DK", "DO", "DZ", "EC", "EE", "EG", "ES", "FI", "FR", "GB", "GR", "GT", "HK", "HN", "HU", "ID", "IE", "IL", "IN", "IS", "IT", "JO", "JP", "KW", "LB", "LI", "LT", "LU", "LV", "MA", "MC", "MT", "MX", "MY", "NI", "NL", "NO", "NZ", "OM", "PA", "PE", "PH", "PL", "PS", "PT", "PY", "QA", "RO", "SA", "SE", "SG", "SK", "SV", "TH", "TN", "TR", "TW", "US", "UY", "VN", "ZA"], "external_urls": {"spotify": "https://open.spotify.com/album/1gIC63gC3B7o7FfpPACZQJ"}, "href": "https://api.spotify.com/v1/albums/1gIC63gC3B7o7FfpPACZQJ", "id": "1gIC63gC3B7o7FfpPACZQJ", "images": [{"height": 636, "url": "https://i.scdn.co/image/03f017a0243f8700181a566c8201a0ee992a9e91", "width": 640}, {"height": 298, "url": "https://i.scdn.co/image/54df752c9a96b554e448bc187bd16f5a73235c18", "width": 300}, {"height": 64, "url": "https://i.scdn.co/image/86e47cbbbbdd1273c5ed479bc0c332f13f5869dd", "width": 64}], "name": "4", "release_date": "2011", "release_date_precision": "year", "total_tracks": 14, "type": "album", "uri": "spotify:album:1gIC63gC3B7o7FfpPACZQJ"}, {"album_group": "album", "album_type": "album", "artists": [{"external_urls": {"spotify": "https://open.spotify.com/artist/6vWDO969PvNqNYHIOW5v0m"}, "href": "https://api.spotify.com/v1/artists/6vWDO969PvNqNYHIOW5v0m", "id": "6vWDO969PvNqNYHIOW5v0m", "name": "Beyonc\u00e9", "type": "artist", "uri": "spotify:artist:6vWDO969PvNqNYHIOW5v0m"}], "available_markets": ["AD", "AE", "AR", "AT", "AU", "BE", "BG", "BH", "BO", "BR", "CA", "CH", "CL", "CO", "CR", "CY", "CZ", "DE", "DK", "DO", "DZ", "EC", "EE", "EG", "ES", "FI", "FR", "GB", "GR", "GT", "HK", "HN", "HU", "ID", "IE", "IL", "IN", "IS", "IT", "JO", "JP", "KW", "LB", "LI", "LT", "LU", "LV", "MA", "MC", "MT", "MX", "MY", "NI", "NL", "NO", "NZ", "OM", "PA", "PE", "PH", "PL", "PS", "PT", "PY", "QA", "RO", "SA", "SE", "SG", "SK", "SV", "TH", "TN", "TR", "TW", "US", "UY", "VN", "ZA"], "external_urls": {"spotify": "https://open.spotify.com/album/5O7PYNgE3VLWrvB80fIaDZ"}, "href": "https://api.spotify.com/v1/albums/5O7PYNgE3VLWrvB80fIaDZ", "id": "5O7PYNgE3VLWrvB80fIaDZ", "images": [{"height": 640, "url": "https://i.scdn.co/image/3e29447818ee0648948e3c7f69607d86cc4b63f1", "width": 640}, {"height": 300, "url": "https://i.scdn.co/image/d354fa70eee963a6cbb3c59de62bce0ffa5878ad", "width": 300}, {"height": 64, "url": "https://i.scdn.co/image/70b639e8ba146827f50b386d4946d93ca0e41c2c", "width": 64}], "name": "I Am...World Tour", "release_date": "2010-11-26", "release_date_precision": "day", "total_tracks": 25, "type": "album", "uri": "spotify:album:5O7PYNgE3VLWrvB80fIaDZ"}, {"album_group": "album", "album_type": "album", "artists": [{"external_urls": {"spotify": "https://open.spotify.com/artist/6vWDO969PvNqNYHIOW5v0m"}, "href": "https://api.spotify.com/v1/artists/6vWDO969PvNqNYHIOW5v0m", "id": "6vWDO969PvNqNYHIOW5v0m", "name": "Beyonc\u00e9", "type": "artist", "uri": "spotify:artist:6vWDO969PvNqNYHIOW5v0m"}], "available_markets": ["AE", "BH", "CA", "CH", "EG", "HK", "ID", "IN", "JO", "KW", "LB", "LI", "MY", "OM", "PH", "PS", "QA", "SA", "SG", "TH", "TW", "US", "VN"], "external_urls": {"spotify": "https://open.spotify.com/album/7sJrStyxsdgeQOUlBszizA"}, "href": "https://api.spotify.com/v1/albums/7sJrStyxsdgeQOUlBszizA", "id": "7sJrStyxsdgeQOUlBszizA", "images": [{"height": 640, "url": "https://i.scdn.co/image/64d6720f222eee638b21b4ed9dbd6f576a512519", "width": 640}, {"height": 300, "url": "https://i.scdn.co/image/0c815aca65678f4dce0f11acc80b7c8c8dd38677", "width": 300}, {"height": 64, "url": "https://i.scdn.co/image/aef02ed14611934a98e7db3c0a5c06a864064a75", "width": 64}], "name": "Above And Beyonc\u00e9 Dance Mixes", "release_date": "2009-06-16", "release_date_precision": "day", "total_tracks": 8, "type": "album", "uri": "spotify:album:7sJrStyxsdgeQOUlBszizA"}, {"album_group": "album", "album_type": "album", "artists": [{"external_urls": {"spotify": "https://open.spotify.com/artist/6vWDO969PvNqNYHIOW5v0m"}, "href": "https://api.spotify.com/v1/artists/6vWDO969PvNqNYHIOW5v0m", "id": "6vWDO969PvNqNYHIOW5v0m", "name": "Beyonc\u00e9", "type": "artist", "uri": "spotify:artist:6vWDO969PvNqNYHIOW5v0m"}], "available_markets": ["AE", "AU", "BG", "BH", "CZ", "DK", "EE", "EG", "FI", "HU", "IE", "IL", "IS", "JO", "KW", "LB", "LT", "LV", "NO", "NZ", "OM", "PL", "PS", "QA", "RO", "SA", "SE", "SK", "TR", "ZA"], "external_urls": {"spotify": "https://open.spotify.com/album/1mLK9n3KBlgsRgPX3nlSwf"}, "href": "https://api.spotify.com/v1/albums/1mLK9n3KBlgsRgPX3nlSwf", "id": "1mLK9n3KBlgsRgPX3nlSwf", "images": [{"height": 640, "url": "https://i.scdn.co/image/e2a1248d8590c15f5290f0580228918dba52302a", "width": 640}, {"height": 300, "url": "https://i.scdn.co/image/ce02e64a7d916f9b3b40cb9d5dc3c256c2191474", "width": 300}, {"height": 64, "url": "https://i.scdn.co/image/b46e9463d057b673de7d15764ea12b88488bc292", "width": 64}], "name": "I AM...SASHA FIERCE", "release_date": "2008-11-14", "release_date_precision": "day", "total_tracks": 18, "type": "album", "uri": "spotify:album:1mLK9n3KBlgsRgPX3nlSwf"}, {"album_group": "album", "album_type": "album", "artists": [{"external_urls": {"spotify": "https://open.spotify.com/artist/6vWDO969PvNqNYHIOW5v0m"}, "href": "https://api.spotify.com/v1/artists/6vWDO969PvNqNYHIOW5v0m", "id": "6vWDO969PvNqNYHIOW5v0m", "name": "Beyonc\u00e9", "type": "artist", "uri": "spotify:artist:6vWDO969PvNqNYHIOW5v0m"}], "available_markets": ["AD", "AR", "AT", "BG", "BO", "BR", "CA", "CH", "CL", "CO", "CR", "CY", "CZ", "DE", "DK", "DO", "DZ", "EC", "EE", "ES", "FI", "FR", "GB", "GR", "GT", "HN", "HU", "IE", "IL", "IS", "IT", "JP", "LI", "LT", "LV", "MA", "MC", "MT", "MX", "NI", "NO", "NZ", "PA", "PE", "PL", "PT", "PY", "RO", "SE", "SK", "SV", "TN", "TR", "US", "UY", "ZA"], "external_urls": {"spotify": "https://open.spotify.com/album/23Y5wdyP5byMFktZf8AcWU"}, "href": "https://api.spotify.com/v1/albums/23Y5wdyP5byMFktZf8AcWU", "id": "23Y5wdyP5byMFktZf8AcWU", "images": [{"height": 640, "url": "https://i.scdn.co/image/e2a1248d8590c15f5290f0580228918dba52302a", "width": 640}, {"height": 300, "url": "https://i.scdn.co/image/ce02e64a7d916f9b3b40cb9d5dc3c256c2191474", "width": 300}, {"height": 64, "url": "https://i.scdn.co/image/b46e9463d057b673de7d15764ea12b88488bc292", "width": 64}], "name": "I AM...SASHA FIERCE", "release_date": "2008-11-14", "release_date_precision": "day", "total_tracks": 16, "type": "album", "uri": "spotify:album:23Y5wdyP5byMFktZf8AcWU"}, {"album_group": "album", "album_type": "album", "artists": [{"external_urls": {"spotify": "https://open.spotify.com/artist/6vWDO969PvNqNYHIOW5v0m"}, "href": "https://api.spotify.com/v1/artists/6vWDO969PvNqNYHIOW5v0m", "id": "6vWDO969PvNqNYHIOW5v0m", "name": "Beyonc\u00e9", "type": "artist", "uri": "spotify:artist:6vWDO969PvNqNYHIOW5v0m"}], "available_markets": ["AD", "AE", "AR", "AU", "BE", "BG", "BH", "BO", "BR", "CA", "CL", "CO", "CR", "CY", "CZ", "DK", "DO", "DZ", "EC", "EE", "EG", "ES", "FI", "FR", "GR", "GT", "HK", "HN", "HU", "ID", "IE", "IL", "IN", "IS", "IT", "JO", "JP", "KW", "LB", "LT", "LU", "LV", "MA", "MC", "MT", "MX", "MY", "NI", "NL", "NO", "NZ", "OM", "PA", "PE", "PH", "PL", "PS", "PT", "PY", "QA", "RO", "SA", "SE", "SG", "SK", "SV", "TH", "TN", "TR", "TW", "UY", "VN", "ZA"], "external_urls": {"spotify": "https://open.spotify.com/album/2DvHLN4ZpGTWCUD33GeVus"}, "href": "https://api.spotify.com/v1/albums/2DvHLN4ZpGTWCUD33GeVus", "id": "2DvHLN4ZpGTWCUD33GeVus", "images": [{"height": 640, "url": "https://i.scdn.co/image/272c8679a23e1c92b17c176f5470e9c2eca3e4bc", "width": 640}, {"height": 300, "url": "https://i.scdn.co/image/2b9b7e14294a1be693e1e8a31f87c63a7b226d08", "width": 300}, {"height": 64, "url": "https://i.scdn.co/image/0ed754e4a344661ab363da4c7e58bcce1ffd9967", "width": 64}], "name": "I AM...SASHA FIERCE", "release_date": "2008-11-14", "release_date_precision": "day", "total_tracks": 13, "type": "album", "uri": "spotify:album:2DvHLN4ZpGTWCUD33GeVus"}, {"album_group": "album", "album_type": "album", "artists": [{"external_urls": {"spotify": "https://open.spotify.com/artist/6vWDO969PvNqNYHIOW5v0m"}, "href": "https://api.spotify.com/v1/artists/6vWDO969PvNqNYHIOW5v0m", "id": "6vWDO969PvNqNYHIOW5v0m", "name": "Beyonc\u00e9", "type": "artist", "uri": "spotify:artist:6vWDO969PvNqNYHIOW5v0m"}], "available_markets": ["AD", "AR", "AU", "BG", "BO", "BR", "CA", "CH", "CL", "CO", "CR", "CY", "CZ", "DK", "DO", "DZ", "EC", "EE", "ES", "FI", "FR", "GR", "GT", "HN", "HU", "IE", "IL", "IS", "IT", "JP", "LI", "LT", "LV", "MA", "MC", "MT", "MX", "NI", "NO", "NZ", "PA", "PE", "PL", "PT", "PY", "RO", "SE", "SK", "SV", "TN", "TR", "US", "UY", "ZA"], "external_urls": {"spotify": "https://open.spotify.com/album/39P7VD7qlg3Z0ltq60eHp7"}, "href": "https://api.spotify.com/v1/albums/39P7VD7qlg3Z0ltq60eHp7", "id": "39P7VD7qlg3Z0ltq60eHp7", "images": [{"height": 640, "url": "https://i.scdn.co/image/272c8679a23e1c92b17c176f5470e9c2eca3e4bc", "width": 640}, {"height": 300, "url": "https://i.scdn.co/image/2b9b7e14294a1be693e1e8a31f87c63a7b226d08", "width": 300}, {"height": 64, "url": "https://i.scdn.co/image/0ed754e4a344661ab363da4c7e58bcce1ffd9967", "width": 64}], "name": "I AM...SASHA FIERCE", "release_date": "2008-11-14", "release_date_precision": "day", "total_tracks": 11, "type": "album", "uri": "spotify:album:39P7VD7qlg3Z0ltq60eHp7"}, {"album_group": "album", "album_type": "album", "artists": [{"external_urls": {"spotify": "https://open.spotify.com/artist/6vWDO969PvNqNYHIOW5v0m"}, "href": "https://api.spotify.com/v1/artists/6vWDO969PvNqNYHIOW5v0m", "id": "6vWDO969PvNqNYHIOW5v0m", "name": "Beyonc\u00e9", "type": "artist", "uri": "spotify:artist:6vWDO969PvNqNYHIOW5v0m"}], "available_markets": ["AD", "AE", "AR", "AT", "AU", "BE", "BG", "BH", "BO", "BR", "CA", "CH", "CL", "CO", "CR", "CY", "CZ", "DE", "DK", "DO", "DZ", "EC", "EE", "EG", "ES", "FI", "FR", "GB", "GR", "GT", "HK", "HN", "HU", "ID", "IE", "IL", "IN", "IS", "IT", "JO", "JP", "KW", "LB", "LI", "LT", "LU", "LV", "MA", "MC", "MT", "MX", "MY", "NI", "NL", "NO", "NZ", "OM", "PA", "PE", "PH", "PL", "PS", "PT", "PY", "QA", "RO", "SA", "SE", "SG", "SK", "SV", "TH", "TN", "TR", "TW", "UY", "VN", "ZA"], "external_urls": {"spotify": "https://open.spotify.com/album/20E3PwDg1jaDdK9K565luD"}, "href": "https://api.spotify.com/v1/albums/20E3PwDg1jaDdK9K565luD", "id": "20E3PwDg1jaDdK9K565luD", "images": [{"height": 640, "url": "https://i.scdn.co/image/3c912c85ff3529b39b8814085a2c293cbf53ae9b", "width": 640}, {"height": 300, "url": "https://i.scdn.co/image/f512c7b44ad12839db057c62b37a3ea4a18e229d", "width": 300}, {"height": 64, "url": "https://i.scdn.co/image/22f0423790777f846c59588f55a3ea28ea23121a", "width": 64}], "name": "I AM...SASHA FIERCE", "release_date": "2008", "release_date_precision": "year", "total_tracks": 12, "type": "album", "uri": "spotify:album:20E3PwDg1jaDdK9K565luD"}, {"album_group": "album", "album_type": "album", "artists": [{"external_urls": {"spotify": "https://open.spotify.com/artist/6vWDO969PvNqNYHIOW5v0m"}, "href": "https://api.spotify.com/v1/artists/6vWDO969PvNqNYHIOW5v0m", "id": "6vWDO969PvNqNYHIOW5v0m", "name": "Beyonc\u00e9", "type": "artist", "uri": "spotify:artist:6vWDO969PvNqNYHIOW5v0m"}], "available_markets": ["AE", "BG", "BH", "DK", "EE", "EG", "FI", "IL", "IS", "JO", "KW", "LB", "LT", "LV", "NO", "OM", "PL", "PS", "QA", "RO", "SA", "SE"], "external_urls": {"spotify": "https://open.spotify.com/album/5bTDIADUmStkXXsb5RtoCD"}, "href": "https://api.spotify.com/v1/albums/5bTDIADUmStkXXsb5RtoCD", "id": "5bTDIADUmStkXXsb5RtoCD", "images": [{"height": 640, "url": "https://i.scdn.co/image/e15abf564914d79e7422626a66dbcc1b32db2579", "width": 629}, {"height": 300, "url": "https://i.scdn.co/image/be0e059f30a5d0662733f09fb3806145fac8aada", "width": 295}, {"height": 64, "url": "https://i.scdn.co/image/2cde15cc5ba14d171b563c2db642cc98f12ee2fc", "width": 63}], "name": "I AM...SASHA FIERCE - Platinum Edition", "release_date": "2008", "release_date_precision": "year", "total_tracks": 22, "type": "album", "uri": "spotify:album:5bTDIADUmStkXXsb5RtoCD"}, {"album_group": "album", "album_type": "album", "artists": [{"external_urls": {"spotify": "https://open.spotify.com/artist/6vWDO969PvNqNYHIOW5v0m"}, "href": "https://api.spotify.com/v1/artists/6vWDO969PvNqNYHIOW5v0m", "id": "6vWDO969PvNqNYHIOW5v0m", "name": "Beyonc\u00e9", "type": "artist", "uri": "spotify:artist:6vWDO969PvNqNYHIOW5v0m"}], "available_markets": ["AD", "AE", "AU", "BE", "BG", "BH", "CY", "CZ", "DK", "DZ", "EE", "EG", "ES", "FI", "FR", "GB", "GR", "HK", "HU", "ID", "IE", "IL", "IN", "IS", "IT", "JO", "KW", "LB", "LT", "LU", "LV", "MA", "MC", "MT", "MY", "NL", "NO", "NZ", "OM", "PH", "PL", "PS", "PT", "QA", "RO", "SA", "SE", "SG", "SK", "TH", "TN", "TR", "TW", "VN", "ZA"], "external_urls": {"spotify": "https://open.spotify.com/album/3ROfBX6lJLnCmaw1NrP5K9"}, "href": "https://api.spotify.com/v1/albums/3ROfBX6lJLnCmaw1NrP5K9", "id": "3ROfBX6lJLnCmaw1NrP5K9", "images": [{"height": 640, "url": "https://i.scdn.co/image/e23321e251d40d839e2c39226a65f69a1bdb6a51", "width": 640}, {"height": 300, "url": "https://i.scdn.co/image/0670d1121b90700ade2b9119bd8f61339f4c4a87", "width": 300}, {"height": 64, "url": "https://i.scdn.co/image/283478ff31dcb959525463fd8b2efc3494596bef", "width": 64}], "name": "I AM...SASHA FIERCE - Platinum Edition", "release_date": "2008", "release_date_precision": "year", "total_tracks": 20, "type": "album", "uri": "spotify:album:3ROfBX6lJLnCmaw1NrP5K9"}, {"album_group": "album", "album_type": "album", "artists": [{"external_urls": {"spotify": "https://open.spotify.com/artist/6vWDO969PvNqNYHIOW5v0m"}, "href": "https://api.spotify.com/v1/artists/6vWDO969PvNqNYHIOW5v0m", "id": "6vWDO969PvNqNYHIOW5v0m", "name": "Beyonc\u00e9", "type": "artist", "uri": "spotify:artist:6vWDO969PvNqNYHIOW5v0m"}], "available_markets": ["CA"], "external_urls": {"spotify": "https://open.spotify.com/album/70yxovzjmYSDRLHlTJHiBH"}, "href": "https://api.spotify.com/v1/albums/70yxovzjmYSDRLHlTJHiBH", "id": "70yxovzjmYSDRLHlTJHiBH", "images": [{"height": 640, "url": "https://i.scdn.co/image/0e265c2d37a961e0d9e215be36f523bf97159c88", "width": 640}, {"height": 300, "url": "https://i.scdn.co/image/ed4dcf9d3b3d2bc68d40bd938194a2fb4bc91a25", "width": 300}, {"height": 64, "url": "https://i.scdn.co/image/cfb234597726c27304f1debd84b9bc2124667a1d", "width": 64}], "name": "I AM...SASHA FIERCE NEW DELUXE EDITION", "release_date": "2008", "release_date_precision": "year", "total_tracks": 18, "type": "album", "uri": "spotify:album:70yxovzjmYSDRLHlTJHiBH"}, {"album_group": "album", "album_type": "album", "artists": [{"external_urls": {"spotify": "https://open.spotify.com/artist/6vWDO969PvNqNYHIOW5v0m"}, "href": "https://api.spotify.com/v1/artists/6vWDO969PvNqNYHIOW5v0m", "id": "6vWDO969PvNqNYHIOW5v0m", "name": "Beyonc\u00e9", "type": "artist", "uri": "spotify:artist:6vWDO969PvNqNYHIOW5v0m"}], "available_markets": ["AD", "AE", "AR", "AT", "AU", "BE", "BG", "BH", "BO", "BR", "CH", "CL", "CO", "CR", "CY", "CZ", "DK", "DO", "DZ", "EC", "EE", "EG", "ES", "FI", "FR", "GB", "GR", "GT", "HK", "HN", "HU", "ID", "IE", "IL", "IN", "IS", "IT", "JO", "JP", "KW", "LB", "LI", "LT", "LU", "LV", "MA", "MC", "MT", "MX", "MY", "NI", "NL", "NO", "NZ", "OM", "PA", "PE", "PH", "PL", "PS", "PT", "PY", "QA", "RO", "SA", "SE", "SG", "SK", "SV", "TH", "TN", "TR", "TW", "UY", "VN", "ZA"], "external_urls": {"spotify": "https://open.spotify.com/album/46BXsx30qaCaAyyGtWyx7e"}, "href": "https://api.spotify.com/v1/albums/46BXsx30qaCaAyyGtWyx7e", "id": "46BXsx30qaCaAyyGtWyx7e", "images": [{"height": 636, "url": "https://i.scdn.co/image/2e396d01625cefbca9161a9764f4e1ee218183b2", "width": 640}, {"height": 298, "url": "https://i.scdn.co/image/cac5c83ed8cae5587b5a842b23f8b264d324167e", "width": 300}, {"height": 64, "url": "https://i.scdn.co/image/e7c5dcdd033f4d9ff2b45db3031102b84df8a7a2", "width": 64}], "name": "The Beyonce Experience Live Audio", "release_date": "2007-11-19", "release_date_precision": "day", "total_tracks": 21, "type": "album", "uri": "spotify:album:46BXsx30qaCaAyyGtWyx7e"}, {"album_group": "album", "album_type": "album", "artists": [{"external_urls": {"spotify": "https://open.spotify.com/artist/6vWDO969PvNqNYHIOW5v0m"}, "href": "https://api.spotify.com/v1/artists/6vWDO969PvNqNYHIOW5v0m", "id": "6vWDO969PvNqNYHIOW5v0m", "name": "Beyonc\u00e9", "type": "artist", "uri": "spotify:artist:6vWDO969PvNqNYHIOW5v0m"}], "available_markets": ["AD", "AE", "AR", "AU", "BE", "BG", "BH", "BO", "BR", "CA", "CL", "CO", "CR", "CY", "CZ", "DK", "DO", "DZ", "EC", "EE", "EG", "ES", "FI", "FR", "GB", "GR", "GT", "HK", "HN", "HU", "ID", "IE", "IL", "IN", "IS", "IT", "JO", "JP", "KW", "LB", "LT", "LU", "LV", "MA", "MC", "MT", "MX", "MY", "NI", "NL", "NO", "NZ", "OM", "PA", "PE", "PH", "PL", "PS", "PT", "PY", "QA", "RO", "SA", "SE", "SG", "SK", "SV", "TH", "TN", "TR", "TW", "US", "UY", "VN", "ZA"], "external_urls": {"spotify": "https://open.spotify.com/album/0Zd10MKN5j9KwUST0TdBBB"}, "href": "https://api.spotify.com/v1/albums/0Zd10MKN5j9KwUST0TdBBB", "id": "0Zd10MKN5j9KwUST0TdBBB", "images": [{"height": 640, "url": "https://i.scdn.co/image/ce2a146c4afd781312ee71078c8565b709fff913", "width": 640}, {"height": 300, "url": "https://i.scdn.co/image/1382b518456186d5d834193d75ec0f7273de82a5", "width": 300}, {"height": 64, "url": "https://i.scdn.co/image/4a0538f456b1ad74dc8e47867cab454a1a20e649", "width": 64}], "name": "B'Day Deluxe Edition", "release_date": "2007-05-29", "release_date_precision": "day", "total_tracks": 23, "type": "album", "uri": "spotify:album:0Zd10MKN5j9KwUST0TdBBB"}, {"album_group": "album", "album_type": "album", "artists": [{"external_urls": {"spotify": "https://open.spotify.com/artist/6vWDO969PvNqNYHIOW5v0m"}, "href": "https://api.spotify.com/v1/artists/6vWDO969PvNqNYHIOW5v0m", "id": "6vWDO969PvNqNYHIOW5v0m", "name": "Beyonc\u00e9", "type": "artist", "uri": "spotify:artist:6vWDO969PvNqNYHIOW5v0m"}], "available_markets": ["AD", "AE", "AT", "AU", "BE", "BG", "BH", "CH", "CY", "CZ", "DE", "DK", "DZ", "EE", "EG", "ES", "FI", "FR", "GR", "HK", "HU", "ID", "IE", "IL", "IN", "IS", "IT", "JO", "JP", "KW", "LB", "LI", "LT", "LU", "LV", "MA", "MC", "MT", "MY", "NL", "NO", "NZ", "OM", "PH", "PL", "PS", "PT", "QA", "RO", "SA", "SE", "SG", "SK", "TH", "TN", "TR", "TW", "VN", "ZA"], "external_urls": {"spotify": "https://open.spotify.com/album/4vtPy2uKUJlrNdLprD0dai"}, "href": "https://api.spotify.com/v1/albums/4vtPy2uKUJlrNdLprD0dai", "id": "4vtPy2uKUJlrNdLprD0dai", "images": [{"height": 639, "url": "https://i.scdn.co/image/ee633d122bd7d41041551f19848e4f8b6df589ff", "width": 640}, {"height": 299, "url": "https://i.scdn.co/image/ef25de893c58473b932b6b1c9aaf3888c9978321", "width": 300}, {"height": 64, "url": "https://i.scdn.co/image/9bc485bbf4b26b3b56d493a523acb1defdc4f6a4", "width": 64}], "name": "B'Day Deluxe Edition", "release_date": "2007-04-20", "release_date_precision": "day", "total_tracks": 19, "type": "album", "uri": "spotify:album:4vtPy2uKUJlrNdLprD0dai"}], "limit": 20, "next": "https://api.spotify.com/v1/artists/6vWDO969PvNqNYHIOW5v0m/albums?offset=20&limit=20&include_groups=album,single,compilation,appears_on", "offset": 0, "previous": null, "total": 348}