{"tracks": {"href": "https://api.spotify.com/v1/search?query=Beyonce&type=track&offset=0&limit=20", "items": [{"album": {"album_type": "album", "artists": [{"external_urls": {"spotify": "https://open.spotify.com/artist/6vWDO969PvNqNYHIOW5v0m"}, "href": "https://api.spotify.com/v1/artists/6vWDO969PvNqNYHIOW5v0m", "id": "6vWDO969PvNqNYHIOW5v0m", "name": "Beyonc\u00e9", "type": "artist", "uri": "spotify:artist:6vWDO969PvNqNYHIOW5v0m"}], "available_markets": ["AD", "AR", "AU", "BG", "BO", "BR", "CA", "CH", "CL", "CO", "CR", "CY", "CZ", "DK", "DO", "DZ", "EC", "EE", "ES", "FI", "FR", "GR", "GT", "HN", "HU", "IE", "IL", "IS", "IT", "JP", "LI", "LT", "LV", "MA", "MC", "MT", "MX", "NI", "NO", "NZ", "PA", "PE", "PL", "PT", "PY", "RO", "SE", "SK", "SV", "TN", "TR", "US", "UY", "ZA"], "external_urls": {"spotify": "https://open.spotify.com/album/39P7VD7qlg3Z0ltq60eHp7"}, "href": "https://api.spotify.com/v1/albums/39P7VD7qlg3Z0ltq60eHp7", "id": "39P7VD7qlg3Z0ltq60eHp7", "images": [{"height": 640, "url": "https://i.scdn.co/image/272c8679a23e1c92b17c176f5470e9c2eca3e4bc", "width": 640}, {"height": 300, "url": "https://i.scdn.co/image/2b9b7e14294a1be693e1e8a31f87c63a7b226d08", "width": 300}, {"height": 64, "url": "https://i.scdn.co/image/0ed754e4a344661ab363da4c7e58bcce1ffd9967", "width": 64}], "name": "I AM...SASHA FIERCE", "release_date": "2008-11-14", "release_date_precision": "day", "total_tracks": 11, "type": "album", "uri": "spotify:album:39P7VD7qlg3Z0ltq60eHp7"}, "artists": [{"external_urls": {"spotify": "https://open.spotify.com/artist/6vWDO969PvNqNYHIOW5v0m"}, "href": "https://api.spotify.com/v1/artists/6vWDO969PvNqNYHIOW5v0m", "id": "6vWDO969PvNqNYHIOW5v0m", "name": "Beyonc\u00e9", "type": "artist", "uri": "spotify:artist:6vWDO969PvNqNYHIOW5v0m"}], "available_markets": ["AD", "AR", "AU", "BG", "BO", "BR", "CA", "CH", "CL", "CO", "CR", "CY", "CZ", "DK", "DO", "DZ", "EC", "EE", "ES", "FI", "FR", "GR", "GT", "HN", "HU", "IE", "IL", "IS", "IT", "JP", "LI", "LT", "LV", "MA", "MC", "MT", "MX", "NI", "NO", "NZ", "PA", "PE", "PL", "PT", "PY", "RO", "SE", "SK", "SV", "TN", "TR", "US", "UY", "ZA"], "disc_number": 1, "duration_ms": 261640, "explicit": false, "external_ids": {"isrc": "USSM10804556"}, "external_urls": {"spotify": "https://open.spotify.com/track/4JehYebiI9JE8sR8MisGVb"}, "href": "https://api.spotify.com/v1/tracks/4JehYebiI9JE8sR8MisGVb", "id": "4JehYebiI9JE8sR8MisGVb", "is_local": false, "name": "Halo", "popularity": 80, "preview_url": "https://p.scdn.co/mp3-preview/3c97985f3736fab6d4abcd2067f346a9b30955fa?cid=9697a3a271d24deea38f8b7fbfa0e13c", "track_number": 2, "type": "track", "uri": "spotify:track:4JehYebiI9JE8sR8MisGVb"}, {"album": {"album_type": "single", "artists": [{"external_urls": {"spotify": "https://open.spotify.com/artist/6eUKZXaKkcviH0Ku9w2n3V"}, "href": "https://api.spotify.com/v1/artists/6eUKZXaKkcviH0Ku9w2n3V", "id": "6eUKZXaKkcviH0Ku9w2n3V", "name": "Ed Sheeran", "type": "artist", "uri": "spotify:artist:6eUKZXaKkcviH0Ku9w2n3V"}, {"external_urls": {"spotify": "https://open.spotify.com/artist/6vWDO969PvNqNYHIOW5v0m"}, "href": "https://api.spotify.com/v1/artists/6vWDO969PvNqNYHIOW5v0m", "id": "6vWDO969PvNqNYHIOW5v0m", "name": "Beyonc\u00e9", "type": "artist", "uri": "spotify:artist:6vWDO969PvNqNYHIOW5v0m"}], "available_markets": ["AD", "AE", "AR", "AT", "AU", "BE", "BG", "BH", "BO", "BR", "CA", "CH", "CL", "CO", "CR", "CY", "CZ", "DE", "DK", "DO", "DZ", "EC", "EE", "EG", "ES", "FI", "FR", "GB", "GR", "GT", "HK", "HN", "HU", "ID", "IE", "IL", "IS", "IT", "JO", "JP", "KW", "LB", "LI", "LT", "LU", "LV", "MA", "MC", "MT", "MX", "MY", "NI", "NL", "NO", "NZ", "OM", "PA", "PE", "PH", "PL", "PS", "PT", "PY", "QA", "RO", "SA", "SE", "SG", "SK", "SV", "TH", "TN", "TR", "TW", "US", "UY", "VN", "ZA"], "external_urls": {"spotify": "https://open.spotify.com/album/52kvZcbEDm0v2kWZQXjuuA"}, "href": "https://api.spotify.com/v1/albums/52kvZcbEDm0v2kWZQXjuuA", "id": "52kvZcbEDm0v2kWZQXjuuA", "images": [{"height": 640, "url": "https://i.scdn.co/image/6d27b4ab01b5f52ad8a4ed1b56422c6c7f71fcf2", "width": 640}, {"height": 300, "url": "https://i.scdn.co/image/5659184967911d3d40656aabbbb08311ea366e9f", "width": 300}, {"height": 64, "url": "https://i.scdn.co/image/c45fb7a706f43746e2c5c381d64a5d75b39ed72d", "width": 64}], "name": "Perfect Duet (Ed Sheeran & Beyonc\u00e9)", "release_date": "2017-11-30", "release_date_precision": "day", "total_tracks": 1, "type": "album", "uri": "spotify:album:52kvZcbEDm0v2kWZQXjuuA"}, "artists": [{"external_urls": {"spotify": "https://open.spotify.com/artist/6eUKZXaKkcviH0Ku9w2n3V"}, "href": "https://api.spotify.com/v1/artists/6eUKZXaKkcviH0Ku9w2n3V", "id": "6eUKZXaKkcviH0Ku9w2n3V", "name": "Ed Sheeran", "type": "artist", "uri": "spotify:artist:6eUKZXaKkcviH0Ku9w2n3V"}, {"external_urls": {"spotify": "https://open.spotify.com/artist/6vWDO969PvNqNYHIOW5v0m"}, "href": "https://api.spotify.com/v1/artists/6vWDO969PvNqNYHIOW5v0m", "id": "6vWDO969PvNqNYHIOW5v0m", "name": "Beyonc\u00e9", "type": "artist", "uri": "spotify:artist:6vWDO969PvNqNYHIOW5v0m"}], "available_markets": ["AD", "AE", "AR", "AT", "AU", "BE", "BG", "BH", "BO", "BR", "CA", "CH", "CL", "CO", "CR", "CY", "CZ", "DE", "DK", "DO", "DZ", "EC", "EE", "EG", "ES", "FI", "FR", "GB", "GR", "GT", "HK", "HN", "HU", "ID", "IE", "IL", "IS", "IT", "JO", "JP", "KW", "LB", "LI", "LT", "LU", "LV", "MA", "MC", "MT", "MX", "MY", "NI", "NL", "NO", "NZ", "OM", "PA", "PE", "PH", "PL", "PS", "PT", "PY", "QA", "RO", "SA", "SE", "SG", "SK", "SV", "TH", "TN", "TR", "TW", "US", "UY", "VN", "ZA"], "disc_number": 1, "duration_ms": 259550, "explicit": false, "external_ids": {"isrc": "GBAHS1701196"}, "external_urls": {"spotify": "https://open.spotify.com/track/1bhUWB0zJMIKr9yVPrkEuI"}, "href": "https://api.spotify.com/v1/tracks/1bhUWB0zJMIKr9yVPrkEuI", "id": "1bhUWB0zJMIKr9yVPrkEuI", "is_local": false, "name": "Perfect Duet (Ed Sheeran & Beyonc\u00e9)", "popularity": 83, "preview_url": "https://p.scdn.co/mp3-preview/65ee4bf5cfdc8f2cd9cc1742f9d4b2ba10c83b2f?cid=9697a3a271d24deea38f8b7fbfa0e13c", "track_number": 1, "type": "track", "uri": "spotify:track:1bhUWB0zJMIKr9yVPrkEuI"}, {"album": {"album_type": "album", "artists": [{"external_urls": {"spotify": "https://open.spotify.com/artist/6vWDO969PvNqNYHIOW5v0m"}, "href": "https://api.spotify.com/v1/artists/6vWDO969PvNqNYHIOW5v0m", "id": "6vWDO969PvNqNYHIOW5v0m", "name": "Beyonc\u00e9", "type": "artist", "uri": "spotify:artist:6vWDO969PvNqNYHIOW5v0m"}], "available_markets": ["AD", "AE", "AR", "AU", "BE", "BG", "BH", "BO", "BR", "CA", "CL", "CO", "CR", "CY", "CZ", "DK", "DO", "DZ", "EC", "EE", "EG", "ES", "FI", "FR", "GB", "GR", "GT", "HK", "HN", "HU", "ID", "IE", "IL", "IN", "IS", "IT", "JO", "JP", "KW", "LB", "LT", "LU", "LV", "MA", "MC", "MT", "MX", "MY", "NI", "NL", "NO", "NZ", "OM", "PA", "PE", "PH", "PL", "PS", "PT", "PY", "QA", "RO", "SA", "SE", "SG", "SK", "SV", "TH", "TN", "TR", "TW", "US", "UY", "VN", "ZA"], "external_urls": {"spotify": "https://open.spotify.com/album/6oxVabMIqCMJRYN1GqR3Vf"}, "href": "https://api.spotify.com/v1/albums/6oxVabMIqCMJRYN1GqR3Vf", "id": "6oxVabMIqCMJRYN1GqR3Vf", "images": [{"height": 640, "url": "https://i.scdn.co/image/4f209f5fa9d4ee65215f0dcc5fb513a4119cef10", "width": 640}, {"height": 300, "url": "https://i.scdn.co/image/58ce427aaf12cf21f56be209216b0fb2ac0550f3", "width": 300}, {"height": 64, "url": "https://i.scdn.co/image/c41d22c0cca1d4789098c6f203c6acc50c19876c", "width": 64}], "name": "Dangerously In Love", "release_date": "2003-06-24", "release_date_precision": "day", "total_tracks": 15, "type": "album", "uri": "spotify:album:6oxVabMIqCMJRYN1GqR3Vf"}, "artists": [{"external_urls": {"spotify": "https://open.spotify.com/artist/6vWDO969PvNqNYHIOW5v0m"}, "href": "https://api.spotify.com/v1/artists/6vWDO969PvNqNYHIOW5v0m", "id": "6vWDO969PvNqNYHIOW5v0m", "name": "Beyonc\u00e9", "type": "artist", "uri": "spotify:artist:6vWDO969PvNqNYHIOW5v0m"}, {"external_urls": {"spotify": "https://open.spotify.com/artist/3nFkdlSjzX9mRTtwJOzDYB"}, "href": "https://api.spotify.com/v1/artists/3nFkdlSjzX9mRTtwJOzDYB", "id": "3nFkdlSjzX9mRTtwJOzDYB", "name": "JAY Z", "type": "artist", "uri": "spotify:artist:3nFkdlSjzX9mRTtwJOzDYB"}], "available_markets": ["AD", "AE", "AR", "AU", "BE", "BG", "BH", "BO", "BR", "CA", "CL", "CO", "CR", "CY", "CZ", "DK", "DO", "DZ", "EC", "EE", "EG", "ES", "FI", "FR", "GB", "GR", "GT", "HK", "HN", "HU", "ID", "IE", "IL", "IN", "IS", "IT", "JO", "JP", "KW", "LB", "LT", "LU", "LV", "MA", "MC", "MT", "MX", "MY", "NI", "NL", "NO", "NZ", "OM", "PA", "PE", "PH", "PL", "PS", "PT", "PY", "QA", "RO", "SA", "SE", "SG", "SK", "SV", "TH", "TN", "TR", "TW", "US", "UY", "VN", "ZA"], "disc_number": 1, "duration_ms": 236133, "explicit": false, "external_ids": {"isrc": "USSM10305425"}, "external_urls": {"spotify": "https://open.spotify.com/track/5IVuqXILoxVWvWEPm82Jxr"}, "href": "https://api.spotify.com/v1/tracks/5IVuqXILoxVWvWEPm82Jxr", "id": "5IVuqXILoxVWvWEPm82Jxr", "is_local": false, "name": "Crazy In Love", "popularity": 78, "preview_url": "https://p.scdn.co/mp3-preview/ce8ace0ec425840416be78db07cf50dd331eed4f?cid=9697a3a271d24deea38f8b7fbfa0e13c", "track_number": 1, "type": "track", "uri": "spotify:track:5IVuqXILoxVWvWEPm82Jxr"}, {"album": {"album_type": "album", "artists": [{"external_urls": {"spotify": "https://open.spotify.com/artist/6vWDO969PvNqNYHIOW5v0m"}, "href": "https://api.spotify.com/v1/artists/6vWDO969PvNqNYHIOW5v0m", "id": "6vWDO969PvNqNYHIOW5v0m", "name": "Beyonc\u00e9", "type": "artist", "uri": "spotify:artist:6vWDO969PvNqNYHIOW5v0m"}], "available_markets": ["AD", "AE", "AR", "AT", "AU", "BE", "BG", "BH", "BO", "BR", "CA", "CH", "CL", "CO", "CR", "CY", "CZ", "DE", "DK", "DO", "DZ", "EC", "EE", "EG", "ES", "FI", "FR", "GB", "GR", "GT", "HK", "HN", "HU", "ID", "IE", "IL", "IN", "IS", "IT", "JO", "JP", "KW", "LB", "LI", "LT", "LU", "LV", "MA", "MC", "MT", "MX", "MY", "NI", "NL", "NO", "NZ", "OM", "PA", "PE", "PH", "PL", "PS", "PT", "PY", "QA", "RO", "SA", "SE", "SG", "SK", "SV", "TH", "TN", "TR", "TW", "US", "UY", "VN", "ZA"], "external_urls": {"spotify": "https://open.spotify.com/album/1gIC63gC3B7o7FfpPACZQJ"}, "href": "https://api.spotify.com/v1/albums/1gIC63gC3B7o7FfpPACZQJ", "id": "1gIC63gC3B7o7FfpPACZQJ", "images": [{"height": 636, "url": "https://i.scdn.co/image/03f017a0243f8700181a566c8201a0ee992a9e91", "width": 640}, {"height": 298, "url": "https://i.scdn.co/image/54df752c9a96b554e448bc187bd16f5a73235c18", "width": 300}, {"height": 64, "url": "https://i.scdn.co/image/86e47cbbbbdd1273c5ed479bc0c332f13f5869dd", "width": 64}], "name": "4", "release_date": "2011", "release_date_precision": "year", "total_tracks": 14, "type": "album", "uri": "spotify:album:1gIC63gC3B7o7FfpPACZQJ"}, "artists": [{"external_urls": {"spotify": "https://open.spotify.com/artist/6vWDO969PvNqNYHIOW5v0m"}, "href": "https://api.spotify.com/v1/artists/6vWDO969PvNqNYHIOW5v0m", "id": "6vWDO969PvNqNYHIOW5v0m", "name": "Beyonc\u00e9", "type": "artist", "uri": "spotify:artist:6vWDO969PvNqNYHIOW5v0m"}], "available_markets": ["AD", "AE", "AR", "AT", "AU", "BE", "BG", "BH", "BO", "BR", "CA", "CH", "CL", "CO", "CR", "CY", "CZ", "DE", "DK", "DO", "DZ", "EC", "EE", "EG", "ES", "FI", "FR", "GB", "GR", "GT", "HK", "HN", "HU", "ID", "IE", "IL", "IN", "IS", "IT", "JO", "JP", "KW", "LB", "LI", "LT", "LU", "LV", "MA", "MC", "MT", "MX", "MY", "NI", "NL", "NO", "NZ", "OM", "PA", "PE", "PH", "PL", "PS", "PT", "PY", "QA", "RO", "SA", "SE", "SG", "SK", "SV", "TH", "TN", "TR", "TW", "US", "UY", "VN", "ZA"], "disc_number": 1, "duration_ms": 267413, "explicit": false, "external_ids": {"isrc": "USSM11102908"}, "external_urls": {"spotify": "https://open.spotify.com/track/1z6WtY7X4HQJvzxC4UgkSf"}, "href": "https://api.spotify.com/v1/tracks/1z6WtY7X4HQJvzxC4UgkSf", "id": "1z6WtY7X4HQJvzxC4UgkSf", "is_local": false, "name": "Love On Top", "popularity": 77, "preview_url": "https://p.scdn.co/mp3-preview/9a7675cc7f71c524af1397cf1675b61a8fbc74ed?cid=9697a3a271d24deea38f8b7fbfa0e13c", "track_number": 1, "type": "track", "uri": "spotify:track:1z6WtY7X4HQJvzxC4UgkSf"}, {"album": {"album_type": "album", "artists": [{"external_urls": {"spotify": "https://open.spotify.com/artist/6vWDO969PvNqNYHIOW5v0m"}, "href": "https://api.spotify.com/v1/artists/6vWDO969PvNqNYHIOW5v0m", "id": "6vWDO969PvNqNYHIOW5v0m", "name": "Beyonc\u00e9", "type": "artist", "uri": "spotify:artist:6vWDO969PvNqNYHIOW5v0m"}], "available_markets": ["AD", "AE", "AR", "AT", "AU", "BE", "BG", "BH", "BO", "BR", "CA", "CH", "CL", "CO", "CR", "CY", "CZ", "DE", "DK", "DO", "DZ", "EC", "EE", "EG", "ES", "FI", "FR", "GB", "GR", "GT", "HK", "HN", "HU", "ID", "IE", "IL", "IN", "IS", "IT", "JO", "JP", "KW", "LB", "LI", "LT", "LU", "LV", "MA", "MC", "MT", "MX", "MY", "NI", "NL", "NO", "NZ", "OM", "PA", "PE", "PH", "PL", "PS", "PT", "PY", "QA", "RO", "SA", "SE", "SG", "SK", "SV", "TH", "TN", "TR", "TW", "US", "UY", "VN", "ZA"], "external_urls": {"spotify": "https://open.spotify.com/album/1gIC63gC3B7o7FfpPACZQJ"}, "href": "https://api.spotify.com/v1/albums/1gIC63gC3B7o7FfpPACZQJ", "id": "1gIC63gC3B7o7FfpPACZQJ", "images": [{"height": 636, "url": "https://i.scdn.co/image/03f017a0243f8700181a566c8201a0ee992a9e91", "width": 640}, {"height": 298, "url": "https://i.scdn.co/image/54df752c9a96b554e448bc187bd16f5a73235c18", "width": 300}, {"height": 64, "url": "https://i.scdn.co/image/86e47cbbbbdd1273c5ed479bc0c332f13f5869dd", "width": 64}], "name": "4", "release_date": "2011", "release_date_precision": "year", "total_tracks": 14, "type": "album", "uri": "spotify:album:1gIC63gC3B7o7FfpPACZQJ"}, "artists": [{"external_urls": {"spotify": "https://open.spotify.com/artist/6vWDO969PvNqNYHIOW5v0m"}, "href": "https://api.spotify.com/v1/artists/6vWDO969PvNqNYHIOW5v0m", "id": "6vWDO969PvNqNYHIOW5v0m", "name": "Beyonc\u00e9", "type": "artist", "uri": "spotify:artist:6vWDO969PvNqNYHIOW5v0m"}], "available_markets": ["AD", "AE", "AR", "AT", "AU", "BE", "BG", "BH", "BO", "BR", "CA", "CH", "CL", "CO", "CR", "CY", "CZ", "DE", "DK", "DO", "DZ", "EC", "EE", "EG", "ES", "FI", "FR", "GB", "GR", "GT", "HK", "HN", "HU", "ID", "IE", "IL", "IN", "IS", "IT", "JO", "JP", "KW", "LB", "LI", "LT", "LU", "LV", "MA", "MC", "MT", "MX", "MY", "NI", "NL", "NO", "NZ", "OM", "PA", "PE", "PH", "PL", "PS", "PT", "PY", "QA", "RO", "SA", "SE", "SG", "SK", "SV", "TH", "TN", "TR", "TW", "US", "UY", "VN", "ZA"], "disc_number": 1, "duration_ms": 236093, "explicit": false, "external_ids": {"isrc": "USSM11102447"}, "external_urls": {"spotify": "https://open.spotify.com/track/1uXbwHHfgsXcUKfSZw5ZJ0"}, "href": "https://api.spotify.com/v1/tracks/1uXbwHHfgsXcUKfSZw5ZJ0", "id": "1uXbwHHfgsXcUKfSZw5ZJ0", "is_local": false, "name": "Run the World (Girls)", "popularity": 77, "preview_url": "https://p.scdn.co/mp3-preview/c5e90d8d93467fc4aeda29c2cbefaa494081232a?cid=9697a3a271d24deea38f8b7fbfa0e13c", "track_number": 11, "type": "track", "uri": "spotify:track:1uXbwHHfgsXcUKfSZw5ZJ0"}, {"album": {"album_type": "album", "artists": [{"external_urls": {"spotify": "https://open.spotify.com/artist/6vWDO969PvNqNYHIOW5v0m"}, "href": "https://api.spotify.com/v1/artists/6vWDO969PvNqNYHIOW5v0m", "id": "6vWDO969PvNqNYHIOW5v0m", "name": "Beyonc\u00e9", "type": "artist", "uri": "spotify:artist:6vWDO969PvNqNYHIOW5v0m"}], "available_markets": ["AD", "AE", "AR", "AU", "BE", "BG", "BH", "BO", "BR", "CA", "CL", "CO", "CR", "CY", "CZ", "DK", "DO", "DZ", "EC", "EE", "EG", "ES", "FI", "FR", "GB", "GR", "GT", "HK", "HN", "HU", "ID", "IE", "IL", "IN", "IS", "IT", "JO", "JP", "KW", "LB", "LT", "LU", "LV", "MA", "MC", "MT", "MX", "MY", "NI", "NL", "NO", "NZ", "OM", "PA", "PE", "PH", "PL", "PS", "PT", "PY", "QA", "RO", "SA", "SE", "SG", "SK", "SV", "TH", "TN", "TR", "TW", "US", "UY", "VN", "ZA"], "external_urls": {"spotify": "https://open.spotify.com/album/0Zd10MKN5j9KwUST0TdBBB"}, "href": "https://api.spotify.com/v1/albums/0Zd10MKN5j9KwUST0TdBBB", "id": "0Zd10MKN5j9KwUST0TdBBB", "images": [{"height": 640, "url": "https://i.scdn.co/image/ce2a146c4afd781312ee71078c8565b709fff913", "width": 640}, {"height": 300, "url": "https://i.scdn.co/image/1382b518456186d5d834193d75ec0f7273de82a5", "width": 300}, {"height": 64, "url": "https://i.scdn.co/image/4a0538f456b1ad74dc8e47867cab454a1a20e649", "width": 64}], "name": "B'Day Deluxe Edition", "release_date": "2007-05-29", "release_date_precision": "day", "total_tracks": 23, "type": "album", "uri": "spotify:album:0Zd10MKN5j9KwUST0TdBBB"}, "artists": [{"external_urls": {"spotify": "https://open.spotify.com/artist/6vWDO969PvNqNYHIOW5v0m"}, "href": "https://api.spotify.com/v1/artists/6vWDO969PvNqNYHIOW5v0m", "id": "6vWDO969PvNqNYHIOW5v0m", "name": "Beyonc\u00e9", "type": "artist", "uri": "spotify:artist:6vWDO969PvNqNYHIOW5v0m"}], "available_markets": ["AD", "AE", "AR", "AU", "BE", "BG", "BH", "BO", "BR", "CA", "CL", "CO", "CR", "CY", "CZ", "DK", "DO", "DZ", "EC", "EE", "EG", "ES", "FI", "FR", "GB", "GR", "GT", "HK", "HN", "HU", "ID", "IE", "IL", "IN", "IS", "IT", "JO", "JP", "KW", "LB", "LT", "LU", "LV", "MA", "MC", "MT", "MX", "MY", "NI", "NL", "NO", "NZ", "OM", "PA", "PE", "PH", "PL", "PS", "PT", "PY", "QA", "RO", "SA", "SE", "SG", "SK", "SV", "TH", "TN", "TR", "TW", "US", "UY", "VN", "ZA"], "disc_number": 1, "duration_ms": 227853, "explicit": false, "external_ids": {"isrc": "USSM10603620"}, "external_urls": {"spotify": "https://open.spotify.com/track/6RX5iL93VZ5fKmyvNXvF1r"}, "href": "https://api.spotify.com/v1/tracks/6RX5iL93VZ5fKmyvNXvF1r", "id": "6RX5iL93VZ5fKmyvNXvF1r", "is_local": false, "name": "Irreplaceable", "popularity": 75, "preview_url": "https://p.scdn.co/mp3-preview/b1cd9ecf3b5108363846f497897b5bcbec44343a?cid=9697a3a271d24deea38f8b7fbfa0e13c", "track_number": 2, "type": "track", "uri": "spotify:track:6RX5iL93VZ5fKmyvNXvF1r"}, {"album": {"album_type": "single", "artists": [{"external_urls": {"spotify": "https://open.spotify.com/artist/1vyhD5VmyZ7KMfW5gqLgo5"}, "href": "https://api.spotify.com/v1/artists/1vyhD5VmyZ7KMfW5gqLgo5", "id": "1vyhD5VmyZ7KMfW5gqLgo5", "name": "J Balvin", "type": "artist", "uri": "spotify:artist:1vyhD5VmyZ7KMfW5gqLgo5"}, {"external_urls": {"spotify": "https://open.spotify.com/artist/4RSyJzf7ef6Iu2rnLdabNq"}, "href": "https://api.spotify.com/v1/artists/4RSyJzf7ef6Iu2rnLdabNq", "id": "4RSyJzf7ef6Iu2rnLdabNq", "name": "Willy William", "type": "artist", "uri": "spotify:artist:4RSyJzf7ef6Iu2rnLdabNq"}], "available_markets": ["US"], "external_urls": {"spotify": "https://open.spotify.com/album/55228F4QRlYDzJ4H02tDHA"}, "href": "https://api.spotify.com/v1/albums/55228F4QRlYDzJ4H02tDHA", "id": "55228F4QRlYDzJ4H02tDHA", "images": [{"height": 640, "url": "https://i.scdn.co/image/8de973e154b634d95f678d9b44d536415f09263b", "width": 640}, {"height": 300, "url": "https://i.scdn.co/image/77e002ce088f8ea824238e91becfa7ec2de205fa", "width": 300}, {"height": 64, "url": "https://i.scdn.co/image/75c0e3e7936c10d84b779cfd163cdcbd4e4cd4c1", "width": 64}], "name": "Mi Gente (feat. Beyonc\u00e9)", "release_date": "2017-09-28", "release_date_precision": "day", "total_tracks": 1, "type": "album", "uri": "spotify:album:55228F4QRlYDzJ4H02tDHA"}, "artists": [{"external_urls": {"spotify": "https://open.spotify.com/artist/1vyhD5VmyZ7KMfW5gqLgo5"}, "href": "https://api.spotify.com/v1/artists/1vyhD5VmyZ7KMfW5gqLgo5", "id": "1vyhD5VmyZ7KMfW5gqLgo5", "name": "J Balvin", "type": "artist", "uri": "spotify:artist:1vyhD5VmyZ7KMfW5gqLgo5"}, {"external_urls": {"spotify": "https://open.spotify.com/artist/4RSyJzf7ef6Iu2rnLdabNq"}, "href": "https://api.spotify.com/v1/artists/4RSyJzf7ef6Iu2rnLdabNq", "id": "4RSyJzf7ef6Iu2rnLdabNq", "name": "Willy William", "type": "artist", "uri": "spotify:artist:4RSyJzf7ef6Iu2rnLdabNq"}, {"external_urls": {"spotify": "https://open.spotify.com/artist/6vWDO969PvNqNYHIOW5v0m"}, "href": "https://api.spotify.com/v1/artists/6vWDO969PvNqNYHIOW5v0m", "id": "6vWDO969PvNqNYHIOW5v0m", "name": "Beyonc\u00e9", "type": "artist", "uri": "spotify:artist:6vWDO969PvNqNYHIOW5v0m"}], "available_markets": ["US"], "disc_number": 1, "duration_ms": 209733, "explicit": false, "external_ids": {"isrc": "FR22F1702140"}, "external_urls": {"spotify": "https://open.spotify.com/track/0GzmMQizDeA2NVMUaZksv0"}, "href": "https://api.spotify.com/v1/tracks/0GzmMQizDeA2NVMUaZksv0", "id": "0GzmMQizDeA2NVMUaZksv0", "is_local": false, "name": "Mi Gente (feat. Beyonc\u00e9)", "popularity": 66, "preview_url": null, "track_number": 1, "type": "track", "uri": "spotify:track:0GzmMQizDeA2NVMUaZksv0"}, {"album": {"album_type": "album", "artists": [{"external_urls": {"spotify": "https://open.spotify.com/artist/6vWDO969PvNqNYHIOW5v0m"}, "href": "https://api.spotify.com/v1/artists/6vWDO969PvNqNYHIOW5v0m", "id": "6vWDO969PvNqNYHIOW5v0m", "name": "Beyonc\u00e9", "type": "artist", "uri": "spotify:artist:6vWDO969PvNqNYHIOW5v0m"}], "available_markets": ["AD", "AR", "AT", "AU", "BE", "BG", "BO", "BR", "CA", "CH", "CL", "CO", "CR", "CY", "CZ", "DE", "DK", "DO", "DZ", "EC", "EE", "ES", "FI", "FR", "GB", "GR", "GT", "HK", "HN", "HU", "ID", "IE", "IL", "IN", "IS", "IT", "JP", "LI", "LT", "LU", "LV", "MA", "MC", "MT", "MX", "MY", "NI", "NL", "NO", "NZ", "PA", "PE", "PH", "PL", "PT", "PY", "RO", "SE", "SG", "SK", "SV", "TH", "TN", "TR", "TW", "US", "UY", "VN", "ZA"], "external_urls": {"spotify": "https://open.spotify.com/album/2UJwKSBUz6rtW4QLK74kQu"}, "href": "https://api.spotify.com/v1/albums/2UJwKSBUz6rtW4QLK74kQu", "id": "2UJwKSBUz6rtW4QLK74kQu", "images": [{"height": 640, "url": "https://i.scdn.co/image/98be8968e1c29e6ef80831c5867733d2e687b508", "width": 640}, {"height": 300, "url": "https://i.scdn.co/image/a986d5fe5780115541b5c33e89ed66272e5d4c0f", "width": 300}, {"height": 64, "url": "https://i.scdn.co/image/20787cddd28d8b7335f9cc8baff2b097d27558d1", "width": 64}], "name": "BEYONC\u00c9 [Platinum Edition]", "release_date": "2014-11-24", "release_date_precision": "day", "total_tracks": 20, "type": "album", "uri": "spotify:album:2UJwKSBUz6rtW4QLK74kQu"}, "artists": [{"external_urls": {"spotify": "https://open.spotify.com/artist/6vWDO969PvNqNYHIOW5v0m"}, "href": "https://api.spotify.com/v1/artists/6vWDO969PvNqNYHIOW5v0m", "id": "6vWDO969PvNqNYHIOW5v0m", "name": "Beyonc\u00e9", "type": "artist", "uri": "spotify:artist:6vWDO969PvNqNYHIOW5v0m"}, {"external_urls": {"spotify": "https://open.spotify.com/artist/3nFkdlSjzX9mRTtwJOzDYB"}, "href": "https://api.spotify.com/v1/artists/3nFkdlSjzX9mRTtwJOzDYB", "id": "3nFkdlSjzX9mRTtwJOzDYB", "name": "JAY Z", "type": "artist", "uri": "spotify:artist:3nFkdlSjzX9mRTtwJOzDYB"}], "available_markets": ["AD", "AR", "AT", "AU", "BE", "BG", "BO", "BR", "CA", "CH", "CL", "CO", "CR", "CY", "CZ", "DE", "DK", "DO", "DZ", "EC", "EE", "ES", "FI", "FR", "GB", "GR", "GT", "HK", "HN", "HU", "ID", "IE", "IL", "IN", "IS", "IT", "JP", "LI", "LT", "LU", "LV", "MA", "MC", "MT", "MX", "MY", "NI", "NL", "NO", "NZ", "PA", "PE", "PH", "PL", "PT", "PY", "RO", "SE", "SG", "SK", "SV", "TH", "TN", "TR", "TW", "US", "UY", "VN", "ZA"], "disc_number": 1, "duration_ms": 323480, "explicit": true, "external_ids": {"isrc": "USSM11307800"}, "external_urls": {"spotify": "https://open.spotify.com/track/6jG2YzhxptolDzLHTGLt7S"}, "href": "https://api.spotify.com/v1/tracks/6jG2YzhxptolDzLHTGLt7S", "id": "6jG2YzhxptolDzLHTGLt7S", "is_local": false, "name": "Drunk in Love", "popularity": 75, "preview_url": "https://p.scdn.co/mp3-preview/7052c45ae9298c38fdbd1b45bec7fc5f554fafa0?cid=9697a3a271d24deea38f8b7fbfa0e13c", "track_number": 3, "type": "track", "uri": "spotify:track:6jG2YzhxptolDzLHTGLt7S"}, {"album": {"album_type": "album", "artists": [{"external_urls": {"spotify": "https://open.spotify.com/artist/6vWDO969PvNqNYHIOW5v0m"}, "href": "https://api.spotify.com/v1/artists/6vWDO969PvNqNYHIOW5v0m", "id": "6vWDO969PvNqNYHIOW5v0m", "name": "Beyonc\u00e9", "type": "artist", "uri": "spotify:artist:6vWDO969PvNqNYHIOW5v0m"}], "available_markets": ["AD", "AR", "AT", "AU", "BE", "BG", "BO", "BR", "CA", "CH", "CL", "CO", "CR", "CY", "CZ", "DE", "DK", "DO", "DZ", "EC", "EE", "ES", "FI", "FR", "GB", "GR", "GT", "HK", "HN", "HU", "ID", "IE", "IL", "IN", "IS", "IT", "JP", "LI", "LT", "LU", "LV", "MA", "MC", "MT", "MX", "MY", "NI", "NL", "NO", "NZ", "PA", "PE", "PH", "PL", "PT", "PY", "RO", "SE", "SG", "SK", "SV", "TH", "TN", "TR", "TW", "US", "UY", "VN", "ZA"], "external_urls": {"spotify": "https://open.spotify.com/album/2UJwKSBUz6rtW4QLK74kQu"}, "href": "https://api.spotify.com/v1/albums/2UJwKSBUz6rtW4QLK74kQu", "id": "2UJwKSBUz6rtW4QLK74kQu", "images": [{"height": 640, "url": "https://i.scdn.co/image/98be8968e1c29e6ef80831c5867733d2e687b508", "width": 640}, {"height": 300, "url": "https://i.scdn.co/image/a986d5fe5780115541b5c33e89ed66272e5d4c0f", "width": 300}, {"height": 64, "url": "https://i.scdn.co/image/20787cddd28d8b7335f9cc8baff2b097d27558d1", "width": 64}], "name": "BEYONC\u00c9 [Platinum Edition]", "release_date": "2014-11-24", "release_date_precision": "day", "total_tracks": 20, "type": "album", "uri": "spotify:album:2UJwKSBUz6rtW4QLK74kQu"}, "artists": [{"external_urls": {"spotify": "https://open.spotify.com/artist/6vWDO969PvNqNYHIOW5v0m"}, "href": "https://api.spotify.com/v1/artists/6vWDO969PvNqNYHIOW5v0m", "id": "6vWDO969PvNqNYHIOW5v0m", "name": "Beyonc\u00e9", "type": "artist", "uri": "spotify:artist:6vWDO969PvNqNYHIOW5v0m"}], "available_markets": ["AD", "AR", "AT", "AU", "BE", "BG", "BO", "BR", "CA", "CH", "CL", "CO", "CR", "CY", "CZ", "DE", "DK", "DO", "DZ", "EC", "EE", "ES", "FI", "FR", "GB", "GR", "GT", "HK", "HN", "HU", "ID", "IE", "IL", "IN", "IS", "IT", "JP", "LI", "LT", "LU", "LV", "MA", "MC", "MT", "MX", "MY", "NI", "NL", "NO", "NZ", "PA", "PE", "PH", "PL", "PT", "PY", "RO", "SE", "SG", "SK", "SV", "TH", "TN", "TR", "TW", "US", "UY", "VN", "ZA"], "disc_number": 2, "duration_ms": 213506, "explicit": false, "external_ids": {"isrc": "USSM11408532"}, "external_urls": {"spotify": "https://open.spotify.com/track/02M6vucOvmRfMxTXDUwRXu"}, "href": "https://api.spotify.com/v1/tracks/02M6vucOvmRfMxTXDUwRXu", "id": "02M6vucOvmRfMxTXDUwRXu", "is_local": false, "name": "7/11", "popularity": 75, "preview_url": "https://p.scdn.co/mp3-preview/c17eaf47f9624029dadcd7672b7896c84923e28c?cid=9697a3a271d24deea38f8b7fbfa0e13c", "track_number": 1, "type": "track", "uri": "spotify:track:02M6vucOvmRfMxTXDUwRXu"}, {"album": {"album_type": "album", "artists": [{"external_urls": {"spotify": "https://open.spotify.com/artist/6vWDO969PvNqNYHIOW5v0m"}, "href": "https://api.spotify.com/v1/artists/6vWDO969PvNqNYHIOW5v0m", "id": "6vWDO969PvNqNYHIOW5v0m", "name": "Beyonc\u00e9", "type": "artist", "uri": "spotify:artist:6vWDO969PvNqNYHIOW5v0m"}], "available_markets": ["AD", "AR", "AT", "BG", "BO", "BR", "CA", "CH", "CL", "CO", "CR", "CY", "CZ", "DE", "DK", "DO", "DZ", "EC", "EE", "ES", "FI", "FR", "GB", "GR", "GT", "HN", "HU", "IE", "IL", "IS", "IT", "JP", "LI", "LT", "LV", "MA", "MC", "MT", "MX", "NI", "NO", "NZ", "PA", "PE", "PL", "PT", "PY", "RO", "SE", "SK", "SV", "TN", "TR", "US", "UY", "ZA"], "external_urls": {"spotify": "https://open.spotify.com/album/23Y5wdyP5byMFktZf8AcWU"}, "href": "https://api.spotify.com/v1/albums/23Y5wdyP5byMFktZf8AcWU", "id": "23Y5wdyP5byMFktZf8AcWU", "images": [{"height": 640, "url": "https://i.scdn.co/image/e2a1248d8590c15f5290f0580228918dba52302a", "width": 640}, {"height": 300, "url": "https://i.scdn.co/image/ce02e64a7d916f9b3b40cb9d5dc3c256c2191474", "width": 300}, {"height": 64, "url": "https://i.scdn.co/image/b46e9463d057b673de7d15764ea12b88488bc292", "width": 64}], "name": "I AM...SASHA FIERCE", "release_date": "2008-11-14", "release_date_precision": "day", "total_tracks": 16, "type": "album", "uri": "spotify:album:23Y5wdyP5byMFktZf8AcWU"}, "artists": [{"external_urls": {"spotify": "https://open.spotify.com/artist/6vWDO969PvNqNYHIOW5v0m"}, "href": "https://api.spotify.com/v1/artists/6vWDO969PvNqNYHIOW5v0m", "id": "6vWDO969PvNqNYHIOW5v0m", "name": "Beyonc\u00e9", "type": "artist", "uri": "spotify:artist:6vWDO969PvNqNYHIOW5v0m"}], "available_markets": ["AD", "AR", "AT", "BG", "BO", "BR", "CA", "CH", "CL", "CO", "CR", "CY", "CZ", "DE", "DK", "DO", "DZ", "EC", "EE", "ES", "FI", "FR", "GB", "GR", "GT", "HN", "HU", "IE", "IL", "IS", "IT", "JP", "LI", "LT", "LV", "MA", "MC", "MT", "MX", "NI", "NO", "NZ", "PA", "PE", "PL", "PT", "PY", "RO", "SE", "SK", "SV", "TN", "TR", "US", "UY", "ZA"], "disc_number": 1, "duration_ms": 249146, "explicit": false, "external_ids": {"isrc": "USSM10803202"}, "external_urls": {"spotify": "https://open.spotify.com/track/26NX1wPt1TRCH536yocd6i"}, "href": "https://api.spotify.com/v1/tracks/26NX1wPt1TRCH536yocd6i", "id": "26NX1wPt1TRCH536yocd6i", "is_local": false, "name": "If I Were a Boy", "popularity": 70, "preview_url": "https://p.scdn.co/mp3-preview/f12c28a584052bea2731e3589644a77165b02f7c?cid=9697a3a271d24deea38f8b7fbfa0e13c", "track_number": 1, "type": "track", "uri": "spotify:track:26NX1wPt1TRCH536yocd6i"}, {"album": {"album_type": "album", "artists": [{"external_urls": {"spotify": "https://open.spotify.com/artist/6vWDO969PvNqNYHIOW5v0m"}, "href": "https://api.spotify.com/v1/artists/6vWDO969PvNqNYHIOW5v0m", "id": "6vWDO969PvNqNYHIOW5v0m", "name": "Beyonc\u00e9", "type": "artist", "uri": "spotify:artist:6vWDO969PvNqNYHIOW5v0m"}], "available_markets": ["AD", "AE", "AR", "AT", "AU", "BE", "BG", "BH", "BO", "BR", "CA", "CH", "CL", "CO", "CR", "CY", "CZ", "DE", "DK", "DO", "DZ", "EC", "EE", "EG", "ES", "FI", "FR", "GB", "GR", "GT", "HK", "HN", "HU", "ID", "IE", "IL", "IN", "IS", "IT", "JO", "JP", "KW", "LB", "LI", "LT", "LU", "LV", "MA", "MC", "MT", "MX", "MY", "NI", "NL", "NO", "NZ", "OM", "PA", "PE", "PH", "PL", "PS", "PT", "PY", "QA", "RO", "SA", "SE", "SG", "SK", "SV", "TH", "TN", "TR", "TW", "US", "UY", "VN", "ZA"], "external_urls": {"spotify": "https://open.spotify.com/album/1gIC63gC3B7o7FfpPACZQJ"}, "href": "https://api.spotify.com/v1/albums/1gIC63gC3B7o7FfpPACZQJ", "id": "1gIC63gC3B7o7FfpPACZQJ", "images": [{"height": 636, "url": "https://i.scdn.co/image/03f017a0243f8700181a566c8201a0ee992a9e91", "width": 640}, {"height": 298, "url": "https://i.scdn.co/image/54df752c9a96b554e448bc187bd16f5a73235c18", "width": 300}, {"height": 64, "url": "https://i.scdn.co/image/86e47cbbbbdd1273c5ed479bc0c332f13f5869dd", "width": 64}], "name": "4", "release_date": "2011", "release_date_precision": "year", "total_tracks": 14, "type": "album", "uri": "spotify:album:1gIC63gC3B7o7FfpPACZQJ"}, "artists": [{"external_urls": {"spotify": "https://open.spotify.com/artist/6vWDO969PvNqNYHIOW5v0m"}, "href": "https://api.spotify.com/v1/artists/6vWDO969PvNqNYHIOW5v0m", "id": "6vWDO969PvNqNYHIOW5v0m", "name": "Beyonc\u00e9", "type": "artist", "uri": "spotify:artist:6vWDO969PvNqNYHIOW5v0m"}], "available_markets": ["AD", "AE", "AR", "AT", "AU", "BE", "BG", "BH", "BO", "BR", "CA", "CH", "CL", "CO", "CR", "CY", "CZ", "DE", "DK", "DO", "DZ", "EC", "EE", "EG", "ES", "FI", "FR", "GB", "GR", "GT", "HK", "HN", "HU", "ID", "IE", "IL", "IN", "IS", "IT", "JO", "JP", "KW", "LB", "LI", "LT", "LU", "LV", "MA", "MC", "MT", "MX", "MY", "NI", "NL", "NO", "NZ", "OM", "PA", "PE", "PH", "PL", "PS", "PT", "PY", "QA", "RO", "SA", "SE", "SG", "SK", "SV", "TH", "TN", "TR", "TW", "US", "UY", "VN", "ZA"], "disc_number": 1, "duration_ms": 253746, "explicit": false, "external_ids": {"isrc": "USSM11102904"}, "external_urls": {"spotify": "https://open.spotify.com/track/3lBRNqXjPp2j3JMTCXDTNO"}, "href": "https://api.spotify.com/v1/tracks/3lBRNqXjPp2j3JMTCXDTNO", "id": "3lBRNqXjPp2j3JMTCXDTNO", "is_local": false, "name": "Best Thing I Never Had", "popularity": 73, "preview_url": "https://p.scdn.co/mp3-preview/86466c6e8a9c56977255b4ed91f22a335ed5467e?cid=9697a3a271d24deea38f8b7fbfa0e13c", "track_number": 12, "type": "track", "uri": "spotify:track:3lBRNqXjPp2j3JMTCXDTNO"}, {"album": {"album_type": "album", "artists": [{"external_urls": {"spotify": "https://open.spotify.com/artist/6vWDO969PvNqNYHIOW5v0m"}, "href": "https://api.spotify.com/v1/artists/6vWDO969PvNqNYHIOW5v0m", "id": "6vWDO969PvNqNYHIOW5v0m", "name": "Beyonc\u00e9", "type": "artist", "uri": "spotify:artist:6vWDO969PvNqNYHIOW5v0m"}], "available_markets": ["AD", "AR", "AT", "AU", "BE", "BG", "BO", "BR", "CA", "CH", "CL", "CO", "CR", "CY", "CZ", "DE", "DK", "DO", "DZ", "EC", "EE", "ES", "FI", "FR", "GB", "GR", "GT", "HK", "HN", "HU", "ID", "IE", "IL", "IN", "IS", "IT", "JP", "LI", "LT", "LU", "LV", "MA", "MC", "MT", "MX", "MY", "NI", "NL", "NO", "NZ", "PA", "PE", "PH", "PL", "PT", "PY", "RO", "SE", "SG", "SK", "SV", "TH", "TN", "TR", "TW", "US", "UY", "VN", "ZA"], "external_urls": {"spotify": "https://open.spotify.com/album/2UJwKSBUz6rtW4QLK74kQu"}, "href": "https://api.spotify.com/v1/albums/2UJwKSBUz6rtW4QLK74kQu", "id": "2UJwKSBUz6rtW4QLK74kQu", "images": [{"height": 640, "url": "https://i.scdn.co/image/98be8968e1c29e6ef80831c5867733d2e687b508", "width": 640}, {"height": 300, "url": "https://i.scdn.co/image/a986d5fe5780115541b5c33e89ed66272e5d4c0f", "width": 300}, {"height": 64, "url": "https://i.scdn.co/image/20787cddd28d8b7335f9cc8baff2b097d27558d1", "width": 64}], "name": "BEYONC\u00c9 [Platinum Edition]", "release_date": "2014-11-24", "release_date_precision": "day", "total_tracks": 20, "type": "album", "uri": "spotify:album:2UJwKSBUz6rtW4QLK74kQu"}, "artists": [{"external_urls": {"spotify": "https://open.spotify.com/artist/6vWDO969PvNqNYHIOW5v0m"}, "href": "https://api.spotify.com/v1/artists/6vWDO969PvNqNYHIOW5v0m", "id": "6vWDO969PvNqNYHIOW5v0m", "name": "Beyonc\u00e9", "type": "artist", "uri": "spotify:artist:6vWDO969PvNqNYHIOW5v0m"}], "available_markets": ["AD", "AR", "AT", "AU", "BE", "BG", "BO", "BR", "CA", "CH", "CL", "CO", "CR", "CY", "CZ", "DE", "DK", "DO", "DZ", "EC", "EE", "ES", "FI", "FR", "GB", "GR", "GT", "HK", "HN", "HU", "ID", "IE", "IL", "IN", "IS", "IT", "JP", "LI", "LT", "LU", "LV", "MA", "MC", "MT", "MX", "MY", "NI", "NL", "NO", "NZ", "PA", "PE", "PH", "PL", "PT", "PY", "RO", "SE", "SG", "SK", "SV", "TH", "TN", "TR", "TW", "US", "UY", "VN", "ZA"], "disc_number": 1, "duration_ms": 319466, "explicit": true, "external_ids": {"isrc": "USSM11307803"}, "external_urls": {"spotify": "https://open.spotify.com/track/5hgnY0mVcVetszbb85qeDg"}, "href": "https://api.spotify.com/v1/tracks/5hgnY0mVcVetszbb85qeDg", "id": "5hgnY0mVcVetszbb85qeDg", "is_local": false, "name": "Partition", "popularity": 71, "preview_url": "https://p.scdn.co/mp3-preview/8ecd5010e5a46f1c84f42bcfed50505395825d7a?cid=9697a3a271d24deea38f8b7fbfa0e13c", "track_number": 6, "type": "track", "uri": "spotify:track:5hgnY0mVcVetszbb85qeDg"}, {"album": {"album_type": "album", "artists": [{"external_urls": {"spotify": "https://open.spotify.com/artist/6vWDO969PvNqNYHIOW5v0m"}, "href": "https://api.spotify.com/v1/artists/6vWDO969PvNqNYHIOW5v0m", "id": "6vWDO969PvNqNYHIOW5v0m", "name": "Beyonc\u00e9", "type": "artist", "uri": "spotify:artist:6vWDO969PvNqNYHIOW5v0m"}], "available_markets": ["AD", "AR", "AU", "BG", "BO", "BR", "CA", "CH", "CL", "CO", "CR", "CY", "CZ", "DK", "DO", "DZ", "EC", "EE", "ES", "FI", "FR", "GR", "GT", "HN", "HU", "IE", "IL", "IS", "IT", "JP", "LI", "LT", "LV", "MA", "MC", "MT", "MX", "NI", "NO", "NZ", "PA", "PE", "PL", "PT", "PY", "RO", "SE", "SK", "SV", "TN", "TR", "US", "UY", "ZA"], "external_urls": {"spotify": "https://open.spotify.com/album/39P7VD7qlg3Z0ltq60eHp7"}, "href": "https://api.spotify.com/v1/albums/39P7VD7qlg3Z0ltq60eHp7", "id": "39P7VD7qlg3Z0ltq60eHp7", "images": [{"height": 640, "url": "https://i.scdn.co/image/272c8679a23e1c92b17c176f5470e9c2eca3e4bc", "width": 640}, {"height": 300, "url": "https://i.scdn.co/image/2b9b7e14294a1be693e1e8a31f87c63a7b226d08", "width": 300}, {"height": 64, "url": "https://i.scdn.co/image/0ed754e4a344661ab363da4c7e58bcce1ffd9967", "width": 64}], "name": "I AM...SASHA FIERCE", "release_date": "2008-11-14", "release_date_precision": "day", "total_tracks": 11, "type": "album", "uri": "spotify:album:39P7VD7qlg3Z0ltq60eHp7"}, "artists": [{"external_urls": {"spotify": "https://open.spotify.com/artist/6vWDO969PvNqNYHIOW5v0m"}, "href": "https://api.spotify.com/v1/artists/6vWDO969PvNqNYHIOW5v0m", "id": "6vWDO969PvNqNYHIOW5v0m", "name": "Beyonc\u00e9", "type": "artist", "uri": "spotify:artist:6vWDO969PvNqNYHIOW5v0m"}], "available_markets": ["AD", "AR", "AU", "BG", "BO", "BR", "CA", "CH", "CL", "CO", "CR", "CY", "CZ", "DK", "DO", "DZ", "EC", "EE", "ES", "FI", "FR", "GR", "GT", "HN", "HU", "IE", "IL", "IS", "IT", "JP", "LI", "LT", "LV", "MA", "MC", "MT", "MX", "NI", "NO", "NZ", "PA", "PE", "PL", "PT", "PY", "RO", "SE", "SK", "SV", "TN", "TR", "US", "UY", "ZA"], "disc_number": 2, "duration_ms": 193213, "explicit": false, "external_ids": {"isrc": "USSM10803760"}, "external_urls": {"spotify": "https://open.spotify.com/track/5R9a4t5t5O0IsznsrKPVro"}, "href": "https://api.spotify.com/v1/tracks/5R9a4t5t5O0IsznsrKPVro", "id": "5R9a4t5t5O0IsznsrKPVro", "is_local": false, "name": "Single Ladies (Put a Ring on It)", "popularity": 73, "preview_url": "https://p.scdn.co/mp3-preview/69c8bae97df9121ee440b23053fe20f64c204408?cid=9697a3a271d24deea38f8b7fbfa0e13c", "track_number": 1, "type": "track", "uri": "spotify:track:5R9a4t5t5O0IsznsrKPVro"}, {"album": {"album_type": "album", "artists": [{"external_urls": {"spotify": "https://open.spotify.com/artist/0hCNtLu0JehylgoiP8L4Gh"}, "href": "https://api.spotify.com/v1/artists/0hCNtLu0JehylgoiP8L4Gh", "id": "0hCNtLu0JehylgoiP8L4Gh", "name": "Nicki Minaj", "type": "artist", "uri": "spotify:artist:0hCNtLu0JehylgoiP8L4Gh"}], "available_markets": ["CA", "MX", "US"], "external_urls": {"spotify": "https://open.spotify.com/album/5ooCuPIk58IwSo6DRr1JCu"}, "href": "https://api.spotify.com/v1/albums/5ooCuPIk58IwSo6DRr1JCu", "id": "5ooCuPIk58IwSo6DRr1JCu", "images": [{"height": 640, "url": "https://i.scdn.co/image/35ebaa6231eba1735a3cf98c349cb68fc38d1a28", "width": 640}, {"height": 300, "url": "https://i.scdn.co/image/2d6eeba696a1aab2b02116928b048a24d7dd640b", "width": 300}, {"height": 64, "url": "https://i.scdn.co/image/d26a9a12a1c503e85a8e59791c2943a457f931d4", "width": 64}], "name": "The Pinkprint (Deluxe)", "release_date": "2014-12-15", "release_date_precision": "day", "total_tracks": 19, "type": "album", "uri": "spotify:album:5ooCuPIk58IwSo6DRr1JCu"}, "artists": [{"external_urls": {"spotify": "https://open.spotify.com/artist/0hCNtLu0JehylgoiP8L4Gh"}, "href": "https://api.spotify.com/v1/artists/0hCNtLu0JehylgoiP8L4Gh", "id": "0hCNtLu0JehylgoiP8L4Gh", "name": "Nicki Minaj", "type": "artist", "uri": "spotify:artist:0hCNtLu0JehylgoiP8L4Gh"}, {"external_urls": {"spotify": "https://open.spotify.com/artist/6vWDO969PvNqNYHIOW5v0m"}, "href": "https://api.spotify.com/v1/artists/6vWDO969PvNqNYHIOW5v0m", "id": "6vWDO969PvNqNYHIOW5v0m", "name": "Beyonc\u00e9", "type": "artist", "uri": "spotify:artist:6vWDO969PvNqNYHIOW5v0m"}], "available_markets": ["CA", "MX", "US"], "disc_number": 1, "duration_ms": 237840, "explicit": true, "external_ids": {"isrc": "USCM51400377"}, "external_urls": {"spotify": "https://open.spotify.com/track/5fyIGoaaKelzdyW8ELhYJZ"}, "href": "https://api.spotify.com/v1/tracks/5fyIGoaaKelzdyW8ELhYJZ", "id": "5fyIGoaaKelzdyW8ELhYJZ", "is_local": false, "name": "Feeling Myself", "popularity": 67, "preview_url": null, "track_number": 5, "type": "track", "uri": "spotify:track:5fyIGoaaKelzdyW8ELhYJZ"}, {"album": {"album_type": "album", "artists": [{"external_urls": {"spotify": "https://open.spotify.com/artist/1HY2Jd0NmPuamShAr6KMms"}, "href": "https://api.spotify.com/v1/artists/1HY2Jd0NmPuamShAr6KMms", "id": "1HY2Jd0NmPuamShAr6KMms", "name": "Lady Gaga", "type": "artist", "uri": "spotify:artist:1HY2Jd0NmPuamShAr6KMms"}], "available_markets": ["AD", "AE", "AR", "AT", "AU", "BE", "BG", "BH", "BO", "BR", "CA", "CH", "CL", "CO", "CR", "CY", "CZ", "DK", "DO", "DZ", "EC", "EE", "EG", "ES", "FI", "FR", "GR", "GT", "HK", "HN", "HU", "ID", "IE", "IL", "IN", "IS", "IT", "JO", "JP", "KW", "LB", "LI", "LT", "LU", "LV", "MA", "MC", "MT", "MY", "NI", "NL", "NO", "NZ", "OM", "PA", "PE", "PH", "PL", "PS", "PT", "PY", "QA", "RO", "SA", "SG", "SK", "SV", "TH", "TN", "TR", "TW", "US", "UY", "VN", "ZA"], "external_urls": {"spotify": "https://open.spotify.com/album/2bsK9FeKzU0jNKA6XYFP7E"}, "href": "https://api.spotify.com/v1/albums/2bsK9FeKzU0jNKA6XYFP7E", "id": "2bsK9FeKzU0jNKA6XYFP7E", "images": [{"height": 640, "url": "https://i.scdn.co/image/09f74537afef05a012f912a6531cb7707cdf166e", "width": 640}, {"height": 300, "url": "https://i.scdn.co/image/10b76e6b992fd32846c6de9f7416f682f83ad6db", "width": 300}, {"height": 64, "url": "https://i.scdn.co/image/d960d5cb9c83c4836eb39184ee7c8a00952e7b0d", "width": 64}], "name": "The Fame Monster", "release_date": "2009-01-01", "release_date_precision": "day", "total_tracks": 8, "type": "album", "uri": "spotify:album:2bsK9FeKzU0jNKA6XYFP7E"}, "artists": [{"external_urls": {"spotify": "https://open.spotify.com/artist/1HY2Jd0NmPuamShAr6KMms"}, "href": "https://api.spotify.com/v1/artists/1HY2Jd0NmPuamShAr6KMms", "id": "1HY2Jd0NmPuamShAr6KMms", "name": "Lady Gaga", "type": "artist", "uri": "spotify:artist:1HY2Jd0NmPuamShAr6KMms"}, {"external_urls": {"spotify": "https://open.spotify.com/artist/6vWDO969PvNqNYHIOW5v0m"}, "href": "https://api.spotify.com/v1/artists/6vWDO969PvNqNYHIOW5v0m", "id": "6vWDO969PvNqNYHIOW5v0m", "name": "Beyonc\u00e9", "type": "artist", "uri": "spotify:artist:6vWDO969PvNqNYHIOW5v0m"}], "available_markets": ["AD", "AE", "AR", "AT", "AU", "BE", "BG", "BH", "BO", "BR", "CA", "CH", "CL", "CO", "CR", "CY", "CZ", "DK", "DO", "DZ", "EC", "EE", "EG", "ES", "FI", "FR", "GR", "GT", "HK", "HN", "HU", "ID", "IE", "IL", "IN", "IS", "IT", "JO", "JP", "KW", "LB", "LI", "LT", "LU", "LV", "MA", "MC", "MT", "MY", "NI", "NL", "NO", "NZ", "OM", "PA", "PE", "PH", "PL", "PS", "PT", "PY", "QA", "RO", "SA", "SG", "SK", "SV", "TH", "TN", "TR", "TW", "US", "UY", "VN", "ZA"], "disc_number": 1, "duration_ms": 220626, "explicit": false, "external_ids": {"isrc": "USUM70905541"}, "external_urls": {"spotify": "https://open.spotify.com/track/1IaYWv32nFFMdljBIjMY5T"}, "href": "https://api.spotify.com/v1/tracks/1IaYWv32nFFMdljBIjMY5T", "id": "1IaYWv32nFFMdljBIjMY5T", "is_local": false, "name": "Telephone", "popularity": 74, "preview_url": null, "track_number": 6, "type": "track", "uri": "spotify:track:1IaYWv32nFFMdljBIjMY5T"}, {"album": {"album_type": "album", "artists": [{"external_urls": {"spotify": "https://open.spotify.com/artist/6vWDO969PvNqNYHIOW5v0m"}, "href": "https://api.spotify.com/v1/artists/6vWDO969PvNqNYHIOW5v0m", "id": "6vWDO969PvNqNYHIOW5v0m", "name": "Beyonc\u00e9", "type": "artist", "uri": "spotify:artist:6vWDO969PvNqNYHIOW5v0m"}], "available_markets": ["AD", "AE", "AR", "AU", "BE", "BG", "BH", "BO", "BR", "CA", "CL", "CO", "CR", "CY", "CZ", "DK", "DO", "DZ", "EC", "EE", "EG", "ES", "FI", "FR", "GB", "GR", "GT", "HK", "HN", "HU", "ID", "IE", "IL", "IN", "IS", "IT", "JO", "JP", "KW", "LB", "LT", "LU", "LV", "MA", "MC", "MT", "MX", "MY", "NI", "NL", "NO", "NZ", "OM", "PA", "PE", "PH", "PL", "PS", "PT", "PY", "QA", "RO", "SA", "SE", "SG", "SK", "SV", "TH", "TN", "TR", "TW", "US", "UY", "VN", "ZA"], "external_urls": {"spotify": "https://open.spotify.com/album/6oxVabMIqCMJRYN1GqR3Vf"}, "href": "https://api.spotify.com/v1/albums/6oxVabMIqCMJRYN1GqR3Vf", "id": "6oxVabMIqCMJRYN1GqR3Vf", "images": [{"height": 640, "url": "https://i.scdn.co/image/4f209f5fa9d4ee65215f0dcc5fb513a4119cef10", "width": 640}, {"height": 300, "url": "https://i.scdn.co/image/58ce427aaf12cf21f56be209216b0fb2ac0550f3", "width": 300}, {"height": 64, "url": "https://i.scdn.co/image/c41d22c0cca1d4789098c6f203c6acc50c19876c", "width": 64}], "name": "Dangerously In Love", "release_date": "2003-06-24", "release_date_precision": "day", "total_tracks": 15, "type": "album", "uri": "spotify:album:6oxVabMIqCMJRYN1GqR3Vf"}, "artists": [{"external_urls": {"spotify": "https://open.spotify.com/artist/6vWDO969PvNqNYHIOW5v0m"}, "href": "https://api.spotify.com/v1/artists/6vWDO969PvNqNYHIOW5v0m", "id": "6vWDO969PvNqNYHIOW5v0m", "name": "Beyonc\u00e9", "type": "artist", "uri": "spotify:artist:6vWDO969PvNqNYHIOW5v0m"}], "available_markets": ["AD", "AE", "AR", "AU", "BE", "BG", "BH", "BO", "BR", "CA", "CL", "CO", "CR", "CY", "CZ", "DK", "DO", "DZ", "EC", "EE", "EG", "ES", "FI", "FR", "GB", "GR", "GT", "HK", "HN", "HU", "ID", "IE", "IL", "IN", "IS", "IT", "JO", "JP", "KW", "LB", "LT", "LU", "LV", "MA", "MC", "MT", "MX", "MY", "NI", "NL", "NO", "NZ", "OM", "PA", "PE", "PH", "PL", "PS", "PT", "PY", "QA", "RO", "SA", "SE", "SG", "SK", "SV", "TH", "TN", "TR", "TW", "US", "UY", "VN", "ZA"], "disc_number": 1, "duration_ms": 301133, "explicit": false, "external_ids": {"isrc": "USSM10305419"}, "external_urls": {"spotify": "https://open.spotify.com/track/6XsT5UGfpaFeHQf5LRIy4W"}, "href": "https://api.spotify.com/v1/tracks/6XsT5UGfpaFeHQf5LRIy4W", "id": "6XsT5UGfpaFeHQf5LRIy4W", "is_local": false, "name": "Me, Myself and I", "popularity": 67, "preview_url": "https://p.scdn.co/mp3-preview/c2fd6a04b5ef5e9ca5573c88679183aaaf9b356f?cid=9697a3a271d24deea38f8b7fbfa0e13c", "track_number": 6, "type": "track", "uri": "spotify:track:6XsT5UGfpaFeHQf5LRIy4W"}, {"album": {"album_type": "album", "artists": [{"external_urls": {"spotify": "https://open.spotify.com/artist/6vWDO969PvNqNYHIOW5v0m"}, "href": "https://api.spotify.com/v1/artists/6vWDO969PvNqNYHIOW5v0m", "id": "6vWDO969PvNqNYHIOW5v0m", "name": "Beyonc\u00e9", "type": "artist", "uri": "spotify:artist:6vWDO969PvNqNYHIOW5v0m"}], "available_markets": ["AD", "AR", "AT", "AU", "BE", "BG", "BO", "BR", "CA", "CH", "CL", "CO", "CR", "CY", "CZ", "DE", "DK", "DO", "DZ", "EC", "EE", "ES", "FI", "FR", "GB", "GR", "GT", "HK", "HN", "HU", "ID", "IE", "IL", "IN", "IS", "IT", "JP", "LI", "LT", "LU", "LV", "MA", "MC", "MT", "MX", "MY", "NI", "NL", "NO", "NZ", "PA", "PE", "PH", "PL", "PT", "PY", "RO", "SE", "SG", "SK", "SV", "TH", "TN", "TR", "TW", "US", "UY", "VN", "ZA"], "external_urls": {"spotify": "https://open.spotify.com/album/2UJwKSBUz6rtW4QLK74kQu"}, "href": "https://api.spotify.com/v1/albums/2UJwKSBUz6rtW4QLK74kQu", "id": "2UJwKSBUz6rtW4QLK74kQu", "images": [{"height": 640, "url": "https://i.scdn.co/image/98be8968e1c29e6ef80831c5867733d2e687b508", "width": 640}, {"height": 300, "url": "https://i.scdn.co/image/a986d5fe5780115541b5c33e89ed66272e5d4c0f", "width": 300}, {"height": 64, "url": "https://i.scdn.co/image/20787cddd28d8b7335f9cc8baff2b097d27558d1", "width": 64}], "name": "BEYONC\u00c9 [Platinum Edition]", "release_date": "2014-11-24", "release_date_precision": "day", "total_tracks": 20, "type": "album", "uri": "spotify:album:2UJwKSBUz6rtW4QLK74kQu"}, "artists": [{"external_urls": {"spotify": "https://open.spotify.com/artist/6vWDO969PvNqNYHIOW5v0m"}, "href": "https://api.spotify.com/v1/artists/6vWDO969PvNqNYHIOW5v0m", "id": "6vWDO969PvNqNYHIOW5v0m", "name": "Beyonc\u00e9", "type": "artist", "uri": "spotify:artist:6vWDO969PvNqNYHIOW5v0m"}, {"external_urls": {"spotify": "https://open.spotify.com/artist/0hCNtLu0JehylgoiP8L4Gh"}, "href": "https://api.spotify.com/v1/artists/0hCNtLu0JehylgoiP8L4Gh", "id": "0hCNtLu0JehylgoiP8L4Gh", "name": "Nicki Minaj", "type": "artist", "uri": "spotify:artist:0hCNtLu0JehylgoiP8L4Gh"}], "available_markets": ["AD", "AR", "AT", "AU", "BE", "BG", "BO", "BR", "CA", "CH", "CL", "CO", "CR", "CY", "CZ", "DE", "DK", "DO", "DZ", "EC", "EE", "ES", "FI", "FR", "GB", "GR", "GT", "HK", "HN", "HU", "ID", "IE", "IL", "IN", "IS", "IT", "JP", "LI", "LT", "LU", "LV", "MA", "MC", "MT", "MX", "MY", "NI", "NL", "NO", "NZ", "PA", "PE", "PH", "PL", "PT", "PY", "RO", "SE", "SG", "SK", "SV", "TH", "TN", "TR", "TW", "US", "UY", "VN", "ZA"], "disc_number": 2, "duration_ms": 234413, "explicit": true, "external_ids": {"isrc": "USSM11406084"}, "external_urls": {"spotify": "https://open.spotify.com/track/0zVMzJ37VQNFUNvdxxat2E"}, "href": "https://api.spotify.com/v1/tracks/0zVMzJ37VQNFUNvdxxat2E", "id": "0zVMzJ37VQNFUNvdxxat2E", "is_local": false, "name": "Flawless Remix", "popularity": 69, "preview_url": "https://p.scdn.co/mp3-preview/89a75c3b0d197bc20f28ae18f586971638a4df6d?cid=9697a3a271d24deea38f8b7fbfa0e13c", "track_number": 2, "type": "track", "uri": "spotify:track:0zVMzJ37VQNFUNvdxxat2E"}, {"album": {"album_type": "album", "artists": [{"external_urls": {"spotify": "https://open.spotify.com/artist/7dGJo4pcD2V6oG8kP0tJRR"}, "href": "https://api.spotify.com/v1/artists/7dGJo4pcD2V6oG8kP0tJRR", "id": "7dGJo4pcD2V6oG8kP0tJRR", "name": "Eminem", "type": "artist", "uri": "spotify:artist:7dGJo4pcD2V6oG8kP0tJRR"}], "available_markets": ["AD", "AE", "AR", "AT", "AU", "BE", "BG", "BH", "BO", "BR", "CA", "CH", "CL", "CO", "CR", "CY", "CZ", "DE", "DK", "DO", "DZ", "EC", "EE", "EG", "ES", "FI", "FR", "GB", "GR", "GT", "HK", "HN", "HU", "ID", "IE", "IL", "IN", "IS", "IT", "JO", "JP", "KW", "LB", "LI", "LT", "LU", "LV", "MA", "MC", "MT", "MX", "MY", "NI", "NL", "NO", "NZ", "OM", "PA", "PE", "PH", "PL", "PS", "PT", "PY", "QA", "RO", "SA", "SE", "SG", "SK", "SV", "TH", "TN", "TR", "TW", "US", "UY", "VN", "ZA"], "external_urls": {"spotify": "https://open.spotify.com/album/0U6ldwLBEMkwgfQRY4V6D2"}, "href": "https://api.spotify.com/v1/albums/0U6ldwLBEMkwgfQRY4V6D2", "id": "0U6ldwLBEMkwgfQRY4V6D2", "images": [{"height": 640, "url": "https://i.scdn.co/image/fcea66754c5ea32f09ef4d73db269d25e7622c2f", "width": 640}, {"height": 300, "url": "https://i.scdn.co/image/5e75b4f19c3179f21ff087f567c366301b9648c3", "width": 300}, {"height": 64, "url": "https://i.scdn.co/image/afb03a2dacfb1c31b795ae4ea9df1df780614455", "width": 64}], "name": "Revival", "release_date": "2017-12-15", "release_date_precision": "day", "total_tracks": 19, "type": "album", "uri": "spotify:album:0U6ldwLBEMkwgfQRY4V6D2"}, "artists": [{"external_urls": {"spotify": "https://open.spotify.com/artist/7dGJo4pcD2V6oG8kP0tJRR"}, "href": "https://api.spotify.com/v1/artists/7dGJo4pcD2V6oG8kP0tJRR", "id": "7dGJo4pcD2V6oG8kP0tJRR", "name": "Eminem", "type": "artist", "uri": "spotify:artist:7dGJo4pcD2V6oG8kP0tJRR"}, {"external_urls": {"spotify": "https://open.spotify.com/artist/6vWDO969PvNqNYHIOW5v0m"}, "href": "https://api.spotify.com/v1/artists/6vWDO969PvNqNYHIOW5v0m", "id": "6vWDO969PvNqNYHIOW5v0m", "name": "Beyonc\u00e9", "type": "artist", "uri": "spotify:artist:6vWDO969PvNqNYHIOW5v0m"}], "available_markets": ["AD", "AE", "AR", "AT", "AU", "BE", "BG", "BH", "BO", "BR", "CA", "CH", "CL", "CO", "CR", "CY", "CZ", "DE", "DK", "DO", "DZ", "EC", "EE", "EG", "ES", "FI", "FR", "GB", "GR", "GT", "HK", "HN", "HU", "ID", "IE", "IL", "IN", "IS", "IT", "JO", "JP", "KW", "LB", "LI", "LT", "LU", "LV", "MA", "MC", "MT", "MX", "MY", "NI", "NL", "NO", "NZ", "OM", "PA", "PE", "PH", "PL", "PS", "PT", "PY", "QA", "RO", "SA", "SE", "SG", "SK", "SV", "TH", "TN", "TR", "TW", "US", "UY", "VN", "ZA"], "disc_number": 1, "duration_ms": 303640, "explicit": true, "external_ids": {"isrc": "USUM71712645"}, "external_urls": {"spotify": "https://open.spotify.com/track/7CcoUAtUcYhUfBsmtn0ajO"}, "href": "https://api.spotify.com/v1/tracks/7CcoUAtUcYhUfBsmtn0ajO", "id": "7CcoUAtUcYhUfBsmtn0ajO", "is_local": false, "name": "Walk On Water (feat. Beyonc\u00e9)", "popularity": 69, "preview_url": null, "track_number": 1, "type": "track", "uri": "spotify:track:7CcoUAtUcYhUfBsmtn0ajO"}, {"album": {"album_type": "album", "artists": [{"external_urls": {"spotify": "https://open.spotify.com/artist/6vWDO969PvNqNYHIOW5v0m"}, "href": "https://api.spotify.com/v1/artists/6vWDO969PvNqNYHIOW5v0m", "id": "6vWDO969PvNqNYHIOW5v0m", "name": "Beyonc\u00e9", "type": "artist", "uri": "spotify:artist:6vWDO969PvNqNYHIOW5v0m"}], "available_markets": ["AD", "AE", "AR", "AT", "AU", "BE", "BG", "BH", "BO", "BR", "CA", "CH", "CL", "CO", "CR", "CY", "CZ", "DE", "DK", "DO", "DZ", "EC", "EE", "EG", "ES", "FI", "FR", "GB", "GR", "GT", "HK", "HN", "HU", "ID", "IE", "IL", "IN", "IS", "IT", "JO", "JP", "KW", "LB", "LI", "LT", "LU", "LV", "MA", "MC", "MT", "MX", "MY", "NI", "NL", "NO", "NZ", "OM", "PA", "PE", "PH", "PL", "PS", "PT", "PY", "QA", "RO", "SA", "SE", "SG", "SK", "SV", "TH", "TN", "TR", "TW", "US", "UY", "VN", "ZA"], "external_urls": {"spotify": "https://open.spotify.com/album/1gIC63gC3B7o7FfpPACZQJ"}, "href": "https://api.spotify.com/v1/albums/1gIC63gC3B7o7FfpPACZQJ", "id": "1gIC63gC3B7o7FfpPACZQJ", "images": [{"height": 636, "url": "https://i.scdn.co/image/03f017a0243f8700181a566c8201a0ee992a9e91", "width": 640}, {"height": 298, "url": "https://i.scdn.co/image/54df752c9a96b554e448bc187bd16f5a73235c18", "width": 300}, {"height": 64, "url": "https://i.scdn.co/image/86e47cbbbbdd1273c5ed479bc0c332f13f5869dd", "width": 64}], "name": "4", "release_date": "2011", "release_date_precision": "year", "total_tracks": 14, "type": "album", "uri": "spotify:album:1gIC63gC3B7o7FfpPACZQJ"}, "artists": [{"external_urls": {"spotify": "https://open.spotify.com/artist/6vWDO969PvNqNYHIOW5v0m"}, "href": "https://api.spotify.com/v1/artists/6vWDO969PvNqNYHIOW5v0m", "id": "6vWDO969PvNqNYHIOW5v0m", "name": "Beyonc\u00e9", "type": "artist", "uri": "spotify:artist:6vWDO969PvNqNYHIOW5v0m"}], "available_markets": ["AD", "AE", "AR", "AT", "AU", "BE", "BG", "BH", "BO", "BR", "CA", "CH", "CL", "CO", "CR", "CY", "CZ", "DE", "DK", "DO", "DZ", "EC", "EE", "EG", "ES", "FI", "FR", "GB", "GR", "GT", "HK", "HN", "HU", "ID", "IE", "IL", "IN", "IS", "IT", "JO", "JP", "KW", "LB", "LI", "LT", "LU", "LV", "MA", "MC", "MT", "MX", "MY", "NI", "NL", "NO", "NZ", "OM", "PA", "PE", "PH", "PL", "PS", "PT", "PY", "QA", "RO", "SA", "SE", "SG", "SK", "SV", "TH", "TN", "TR", "TW", "US", "UY", "VN", "ZA"], "disc_number": 1, "duration_ms": 377466, "explicit": false, "external_ids": {"isrc": "USSM11102795"}, "external_urls": {"spotify": "https://open.spotify.com/track/7cvkXf3AwPGT041PyOi5VX"}, "href": "https://api.spotify.com/v1/tracks/7cvkXf3AwPGT041PyOi5VX", "id": "7cvkXf3AwPGT041PyOi5VX", "is_local": false, "name": "Dance for You", "popularity": 66, "preview_url": "https://p.scdn.co/mp3-preview/69d99b19f6557ff8cf42b354316ae883d7900347?cid=9697a3a271d24deea38f8b7fbfa0e13c", "track_number": 6, "type": "track", "uri": "spotify:track:7cvkXf3AwPGT041PyOi5VX"}, {"album": {"album_type": "album", "artists": [{"external_urls": {"spotify": "https://open.spotify.com/artist/6vWDO969PvNqNYHIOW5v0m"}, "href": "https://api.spotify.com/v1/artists/6vWDO969PvNqNYHIOW5v0m", "id": "6vWDO969PvNqNYHIOW5v0m", "name": "Beyonc\u00e9", "type": "artist", "uri": "spotify:artist:6vWDO969PvNqNYHIOW5v0m"}], "available_markets": ["AD", "AE", "AR", "AT", "AU", "BE", "BG", "BH", "BO", "BR", "CA", "CH", "CL", "CO", "CR", "CY", "CZ", "DE", "DK", "DO", "DZ", "EC", "EE", "EG", "ES", "FI", "FR", "GB", "GR", "GT", "HK", "HN", "HU", "ID", "IE", "IL", "IN", "IS", "IT", "JO", "JP", "KW", "LB", "LI", "LT", "LU", "LV", "MA", "MC", "MT", "MX", "MY", "NI", "NL", "NO", "NZ", "OM", "PA", "PE", "PH", "PL", "PS", "PT", "PY", "QA", "RO", "SA", "SE", "SG", "SK", "SV", "TH", "TN", "TR", "TW", "US", "UY", "VN", "ZA"], "external_urls": {"spotify": "https://open.spotify.com/album/1gIC63gC3B7o7FfpPACZQJ"}, "href": "https://api.spotify.com/v1/albums/1gIC63gC3B7o7FfpPACZQJ", "id": "1gIC63gC3B7o7FfpPACZQJ", "images": [{"height": 636, "url": "https://i.scdn.co/image/03f017a0243f8700181a566c8201a0ee992a9e91", "width": 640}, {"height": 298, "url": "https://i.scdn.co/image/54df752c9a96b554e448bc187bd16f5a73235c18", "width": 300}, {"height": 64, "url": "https://i.scdn.co/image/86e47cbbbbdd1273c5ed479bc0c332f13f5869dd", "width": 64}], "name": "4", "release_date": "2011", "release_date_precision": "year", "total_tracks": 14, "type": "album", "uri": "spotify:album:1gIC63gC3B7o7FfpPACZQJ"}, "artists": [{"external_urls": {"spotify": "https://open.spotify.com/artist/6vWDO969PvNqNYHIOW5v0m"}, "href": "https://api.spotify.com/v1/artists/6vWDO969PvNqNYHIOW5v0m", "id": "6vWDO969PvNqNYHIOW5v0m", "name": "Beyonc\u00e9", "type": "artist", "uri": "spotify:artist:6vWDO969PvNqNYHIOW5v0m"}], "available_markets": ["AD", "AE", "AR", "AT", "AU", "BE", "BG", "BH", "BO", "BR", "CA", "CH", "CL", "CO", "CR", "CY", "CZ", "DE", "DK", "DO", "DZ", "EC", "EE", "EG", "ES", "FI", "FR", "GB", "GR", "GT", "HK", "HN", "HU", "ID", "IE", "IL", "IN", "IS", "IT", "JO", "JP", "KW", "LB", "LI", "LT", "LU", "LV", "MA", "MC", "MT", "MX", "MY", "NI", "NL", "NO", "NZ", "OM", "PA", "PE", "PH", "PL", "PS", "PT", "PY", "QA", "RO", "SA", "SE", "SG", "SK", "SV", "TH", "TN", "TR", "TW", "US", "UY", "VN", "ZA"], "disc_number": 1, "duration_ms": 212146, "explicit": false, "external_ids": {"isrc": "USSM11102909"}, "external_urls": {"spotify": "https://open.spotify.com/track/3axkNosdVQLZiq1HakuGhc"}, "href": "https://api.spotify.com/v1/tracks/3axkNosdVQLZiq1HakuGhc", "id": "3axkNosdVQLZiq1HakuGhc", "is_local": false, "name": "Countdown", "popularity": 66, "preview_url": "https://p.scdn.co/mp3-preview/ad046f8b135785f005bf84b63d657299cd6010ee?cid=9697a3a271d24deea38f8b7fbfa0e13c", "track_number": 4, "type": "track", "uri": "spotify:track:3axkNosdVQLZiq1HakuGhc"}], "limit": 20, "next": null, "offset": 0, "previous": null, "total": 20}}