{"businesses": [{"id": "0jdYhWHCMsrWxxVoylfyBw", "alias": "campagnola-evanston", "name": "Campagnola", "image_url": "https://s3-media4.fl.yelpcdn.com/bphoto/Ti_-IRmG86XkURhezJOq2w/o.jpg", "is_closed": false, "url": "https://www.yelp.com/biz/campagnola-evanston?adjust_creative=9k71bqKa01jQrg_YkTuweA&utm_campaign=yelp_api_v3&utm_medium=api_v3_business_search&utm_source=9k71bqKa01jQrg_YkTuweA", "review_count": 213, "categories": [{"alias": "italian", "title": "Italian"}], "rating": 4.5, "coordinates": {"latitude": 42.0327399, "longitude": -87.6786599}, "transactions": [], "price": "$$$", "location": {"address1": "815 Chicago Ave", "address2": "", "address3": "", "city": "Evanston", "zip_code": "60202", "country": "US", "state": "IL", "display_address": ["815 Chicago Ave", "Evanston, IL 60202"]}, "phone": "+18474756100", "display_phone": "(847) 475-6100", "distance": 2196.6013584579628}, {"id": "0ZENqrACvQ4tiMvFEkgVPg", "alias": "jimmys-pizza-caf\u00e9-chicago-2", "name": "Jimmy's Pizza Caf\u00e9", "image_url": "https://s3-media2.fl.yelpcdn.com/bphoto/vRrDrjdBYEQifinUtkMIig/o.jpg", "is_closed": false, "url": "https://www.yelp.com/biz/jimmys-pizza-caf%C3%A9-chicago-2?adjust_creative=9k71bqKa01jQrg_YkTuweA&utm_campaign=yelp_api_v3&utm_medium=api_v3_business_search&utm_source=9k71bqKa01jQrg_YkTuweA", "review_count": 539, "categories": [{"alias": "pizza", "title": "Pizza"}, {"alias": "cafes", "title": "Cafes"}], "rating": 4.5, "coordinates": {"latitude": 41.9757474517431, "longitude": -87.6921836227971}, "transactions": ["pickup", "delivery"], "price": "$", "location": {"address1": "5159 N Lincoln Ave", "address2": "", "address3": "", "city": "Chicago", "zip_code": "60625", "country": "US", "state": "IL", "display_address": ["5159 N Lincoln Ave", "Chicago, IL 60625"]}, "phone": "+17732936992", "display_phone": "(773) 293-6992", "distance": 8012.552035009115}, {"id": "nrx-eeoIj808Y2sA0fZmwg", "alias": "lou-malnatis-pizzeria-lincolnwood", "name": "Lou Malnati's Pizzeria", "image_url": "https://s3-media3.fl.yelpcdn.com/bphoto/vVo_o8JpptIM4K9o7P1K1g/o.jpg", "is_closed": false, "url": "https://www.yelp.com/biz/lou-malnatis-pizzeria-lincolnwood?adjust_creative=9k71bqKa01jQrg_YkTuweA&utm_campaign=yelp_api_v3&utm_medium=api_v3_business_search&utm_source=9k71bqKa01jQrg_YkTuweA", "review_count": 595, "categories": [{"alias": "pizza", "title": "Pizza"}, {"alias": "italian", "title": "Italian"}], "rating": 4.0, "coordinates": {"latitude": 42.0021534, "longitude": -87.7255547}, "transactions": ["pickup", "delivery"], "price": "$$", "location": {"address1": "6649 N Lincoln Ave", "address2": "", "address3": "", "city": "Lincolnwood", "zip_code": "60712", "country": "US", "state": "IL", "display_address": ["6649 N Lincoln Ave", "Lincolnwood, IL 60712"]}, "phone": "+18476730800", "display_phone": "(847) 673-0800", "distance": 5628.774992407119}, {"id": "aFBDlYavQOC58AnxSxcKQg", "alias": "fat-chriss-pizza-and-such-chicago", "name": "Fat Chris's Pizza and Such", "image_url": "https://s3-media1.fl.yelpcdn.com/bphoto/jt0P6eTRPMBrWGV706Xzhg/o.jpg", "is_closed": false, "url": "https://www.yelp.com/biz/fat-chriss-pizza-and-such-chicago?adjust_creative=9k71bqKa01jQrg_YkTuweA&utm_campaign=yelp_api_v3&utm_medium=api_v3_business_search&utm_source=9k71bqKa01jQrg_YkTuweA", "review_count": 154, "categories": [{"alias": "pizza", "title": "Pizza"}, {"alias": "desserts", "title": "Desserts"}, {"alias": "salad", "title": "Salad"}], "rating": 4.5, "coordinates": {"latitude": 41.9762649, "longitude": -87.67228}, "transactions": ["pickup", "delivery"], "price": "$$", "location": {"address1": "1706 W Foster Ave", "address2": null, "address3": "", "city": "Chicago", "zip_code": "60640", "country": "US", "state": "IL", "display_address": ["1706 W Foster Ave", "Chicago, IL 60640"]}, "phone": "+17739445444", "display_phone": "(773) 944-5444", "distance": 8179.677250775129}, {"id": "ss_w9TZiXBnuBrTfrMtG4Q", "alias": "anto-pizza-and-pasta-chicago-chicago", "name": "Anto Pizza & Pasta Chicago", "image_url": "https://s3-media3.fl.yelpcdn.com/bphoto/-fbqspcnRLDcBVYyE50NpQ/o.jpg", "is_closed": false, "url": "https://www.yelp.com/biz/anto-pizza-and-pasta-chicago-chicago?adjust_creative=9k71bqKa01jQrg_YkTuweA&utm_campaign=yelp_api_v3&utm_medium=api_v3_business_search&utm_source=9k71bqKa01jQrg_YkTuweA", "review_count": 24, "categories": [{"alias": "italian", "title": "Italian"}], "rating": 5.0, "coordinates": {"latitude": 42.01578, "longitude": -87.66985}, "transactions": ["pickup", "delivery"], "location": {"address1": "1547 W Jarvis", "address2": null, "address3": "", "city": "Chicago", "zip_code": "60626", "country": "US", "state": "IL", "display_address": ["1547 W Jarvis", "Chicago, IL 60626"]}, "phone": "+17739427427", "display_phone": "(773) 942-7427", "distance": 4152.078832601677}, {"id": "MT2XQCqKJr3ZfLpqG2v-Vw", "alias": "nueva-italy-pizzeria-chicago", "name": "Nueva Italy Pizzeria", "image_url": "https://s3-media2.fl.yelpcdn.com/bphoto/wp0yJ-YOkE84yHxqqhFrkw/o.jpg", "is_closed": false, "url": "https://www.yelp.com/biz/nueva-italy-pizzeria-chicago?adjust_creative=9k71bqKa01jQrg_YkTuweA&utm_campaign=yelp_api_v3&utm_medium=api_v3_business_search&utm_source=9k71bqKa01jQrg_YkTuweA", "review_count": 170, "categories": [{"alias": "pizza", "title": "Pizza"}], "rating": 4.0, "coordinates": {"latitude": 42.0117721, "longitude": -87.6743132}, "transactions": ["pickup", "delivery"], "price": "$$", "location": {"address1": "7109 N Clark St", "address2": "", "address3": "", "city": "Chicago", "zip_code": "60626", "country": "US", "state": "IL", "display_address": ["7109 N Clark St", "Chicago, IL 60626"]}, "phone": "+17736810689", "display_phone": "(773) 681-0689", "distance": 4392.898373220054}, {"id": "9EdUf-qb3PGcPA_rTzG-Hw", "alias": "union-squared-evanston-evanston", "name": "Union Squared - Evanston", "image_url": "https://s3-media1.fl.yelpcdn.com/bphoto/4EJWmnkNgQhFZnEUD8Oxkg/o.jpg", "is_closed": false, "url": "https://www.yelp.com/biz/union-squared-evanston-evanston?adjust_creative=9k71bqKa01jQrg_YkTuweA&utm_campaign=yelp_api_v3&utm_medium=api_v3_business_search&utm_source=9k71bqKa01jQrg_YkTuweA", "review_count": 68, "categories": [{"alias": "pizza", "title": "Pizza"}], "rating": 4.5, "coordinates": {"latitude": 42.04149, "longitude": -87.68007}, "transactions": ["pickup", "delivery"], "price": "$$", "location": {"address1": "1307 Chicago Ave", "address2": null, "address3": "", "city": "Evanston", "zip_code": "60201", "country": "US", "state": "IL", "display_address": ["1307 Chicago Ave", "Evanston, IL 60201"]}, "phone": "+12247143100", "display_phone": "(224) 714-3100", "distance": 1465.474856779534}, {"id": "YZ8YuNr_FX7QjUAPmWhk-g", "alias": "blaze-fast-fired-pizza-evanston-2", "name": "Blaze Fast Fire'd Pizza", "image_url": "https://s3-media2.fl.yelpcdn.com/bphoto/L0-QTW-puO4FUxS1NH1Xdg/o.jpg", "is_closed": false, "url": "https://www.yelp.com/biz/blaze-fast-fired-pizza-evanston-2?adjust_creative=9k71bqKa01jQrg_YkTuweA&utm_campaign=yelp_api_v3&utm_medium=api_v3_business_search&utm_source=9k71bqKa01jQrg_YkTuweA", "review_count": 154, "categories": [{"alias": "pizza", "title": "Pizza"}], "rating": 4.0, "coordinates": {"latitude": 42.0495988, "longitude": -87.6816237}, "transactions": [], "price": "$", "location": {"address1": "1737 Sherman Ave", "address2": "", "address3": "", "city": "Evanston", "zip_code": "60201", "country": "US", "state": "IL", "display_address": ["1737 Sherman Ave", "Evanston, IL 60201"]}, "phone": "+18472649263", "display_phone": "(847) 264-9263", "distance": 1205.0046763164303}, {"id": "WHt6D9Ar2L3uXmYP4HKCNw", "alias": "grateful-bites-winnetka", "name": "Grateful Bites", "image_url": "https://s3-media1.fl.yelpcdn.com/bphoto/_K46-MPiGmOi_HAYejJz7w/o.jpg", "is_closed": false, "url": "https://www.yelp.com/biz/grateful-bites-winnetka?adjust_creative=9k71bqKa01jQrg_YkTuweA&utm_campaign=yelp_api_v3&utm_medium=api_v3_business_search&utm_source=9k71bqKa01jQrg_YkTuweA", "review_count": 62, "categories": [{"alias": "pizza", "title": "Pizza"}, {"alias": "salad", "title": "Salad"}], "rating": 4.5, "coordinates": {"latitude": 42.11607, "longitude": -87.74261}, "transactions": [], "price": "$$", "location": {"address1": "899 Green Bay Rd", "address2": "", "address3": null, "city": "Winnetka", "zip_code": "60093", "country": "US", "state": "IL", "display_address": ["899 Green Bay Rd", "Winnetka, IL 60093"]}, "phone": "+18473869141", "display_phone": "(847) 386-9141", "distance": 8524.286713329491}, {"id": "BWKeQ9pUvTbw0Eoq3WK1WQ", "alias": "pequods-pizzeria-morton-grove", "name": "Pequod's Pizza", "image_url": "https://s3-media2.fl.yelpcdn.com/bphoto/7gUaxR1ebyPyVdfCeLcBGA/o.jpg", "is_closed": false, "url": "https://www.yelp.com/biz/pequods-pizzeria-morton-grove?adjust_creative=9k71bqKa01jQrg_YkTuweA&utm_campaign=yelp_api_v3&utm_medium=api_v3_business_search&utm_source=9k71bqKa01jQrg_YkTuweA", "review_count": 942, "categories": [{"alias": "pizza", "title": "Pizza"}, {"alias": "italian", "title": "Italian"}], "rating": 4.0, "coordinates": {"latitude": 42.03626, "longitude": -87.78282}, "transactions": ["delivery"], "price": "$$", "location": {"address1": "8520 Fernald Ave", "address2": "", "address3": "", "city": "Morton Grove", "zip_code": "60053", "country": "US", "state": "IL", "display_address": ["8520 Fernald Ave", "Morton Grove, IL 60053"]}, "phone": "+18474709161", "display_phone": "(847) 470-9161", "distance": 7279.456827846656}, {"id": "jky5OhOTBVXcMRSkpz_nZw", "alias": "lou-malnatis-pizzeria-wilmette", "name": "Lou Malnati's Pizzeria", "image_url": "https://s3-media2.fl.yelpcdn.com/bphoto/1qnvF4oM5saG7e_jZ4rHxQ/o.jpg", "is_closed": false, "url": "https://www.yelp.com/biz/lou-malnatis-pizzeria-wilmette?adjust_creative=9k71bqKa01jQrg_YkTuweA&utm_campaign=yelp_api_v3&utm_medium=api_v3_business_search&utm_source=9k71bqKa01jQrg_YkTuweA", "review_count": 103, "categories": [{"alias": "pizza", "title": "Pizza"}, {"alias": "italian", "title": "Italian"}], "rating": 4.0, "coordinates": {"latitude": 42.0790061950684, "longitude": -87.7556915283203}, "transactions": ["pickup", "delivery"], "price": "$$", "location": {"address1": "3223 Lake Ave", "address2": "", "address3": "", "city": "Wilmette", "zip_code": "60091", "country": "US", "state": "IL", "display_address": ["3223 Lake Ave", "Wilmette, IL 60091"]}, "phone": "+18472565780", "display_phone": "(847) 256-5780", "distance": 6037.064764077831}, {"id": "43eT02PoFWavFbxe4FzZzg", "alias": "eastern-style-pizza-chicago", "name": "Eastern Style Pizza", "image_url": "https://s3-media2.fl.yelpcdn.com/bphoto/CBLeK6HAmFLUCg3grS2mCA/o.jpg", "is_closed": false, "url": "https://www.yelp.com/biz/eastern-style-pizza-chicago?adjust_creative=9k71bqKa01jQrg_YkTuweA&utm_campaign=yelp_api_v3&utm_medium=api_v3_business_search&utm_source=9k71bqKa01jQrg_YkTuweA", "review_count": 145, "categories": [{"alias": "pizza", "title": "Pizza"}, {"alias": "sandwiches", "title": "Sandwiches"}, {"alias": "salad", "title": "Salad"}], "rating": 4.0, "coordinates": {"latitude": 42.01176, "longitude": -87.70258}, "transactions": ["pickup", "delivery"], "price": "$", "location": {"address1": "2911 W Touhy Ave", "address2": "", "address3": "", "city": "Chicago", "zip_code": "60645", "country": "US", "state": "IL", "display_address": ["2911 W Touhy Ave", "Chicago, IL 60645"]}, "phone": "+17737614070", "display_phone": "(773) 761-4070", "distance": 4031.8625855194095}, {"id": "mBa6XCojT0LTICRXPoj01A", "alias": "lou-malnatis-pizzeria-evanston", "name": "Lou Malnati's Pizzeria", "image_url": "https://s3-media2.fl.yelpcdn.com/bphoto/F9Z3bFO-jI0047egNUmMRg/o.jpg", "is_closed": false, "url": "https://www.yelp.com/biz/lou-malnatis-pizzeria-evanston?adjust_creative=9k71bqKa01jQrg_YkTuweA&utm_campaign=yelp_api_v3&utm_medium=api_v3_business_search&utm_source=9k71bqKa01jQrg_YkTuweA", "review_count": 314, "categories": [{"alias": "pizza", "title": "Pizza"}, {"alias": "italian", "title": "Italian"}], "rating": 4.0, "coordinates": {"latitude": 42.051452, "longitude": -87.6820879}, "transactions": ["pickup", "delivery"], "price": "$$", "location": {"address1": "1850 Sherman Ave", "address2": "", "address3": "", "city": "Evanston", "zip_code": "60201", "country": "US", "state": "IL", "display_address": ["1850 Sherman Ave", "Evanston, IL 60201"]}, "phone": "+18473285400", "display_phone": "(847) 328-5400", "distance": 1217.1569995276757}, {"id": "jXX6IkrS2dTdQXVeRzgo_A", "alias": "napolita-pizzeria-and-wine-bar-wilmette", "name": "Napolita Pizzeria & Wine Bar", "image_url": "https://s3-media4.fl.yelpcdn.com/bphoto/cfK2sidzXiZ_5Tk6uZk_lw/o.jpg", "is_closed": false, "url": "https://www.yelp.com/biz/napolita-pizzeria-and-wine-bar-wilmette?adjust_creative=9k71bqKa01jQrg_YkTuweA&utm_campaign=yelp_api_v3&utm_medium=api_v3_business_search&utm_source=9k71bqKa01jQrg_YkTuweA", "review_count": 161, "categories": [{"alias": "wine_bars", "title": "Wine Bars"}, {"alias": "pizza", "title": "Pizza"}, {"alias": "italian", "title": "Italian"}], "rating": 4.0, "coordinates": {"latitude": 42.0767247676849, "longitude": -87.7063847333193}, "transactions": ["pickup", "delivery"], "price": "$$", "location": {"address1": "1126 Central Ave", "address2": "", "address3": "", "city": "Wilmette", "zip_code": "60091", "country": "US", "state": "IL", "display_address": ["1126 Central Ave", "Wilmette, IL 60091"]}, "phone": "+12242150305", "display_phone": "(224) 215-0305", "distance": 3343.848611896086}, {"id": "8L6I4TIx4SGP0vFlDpbr7w", "alias": "daves-new-kitchen-evanston", "name": "Dave's New Kitchen", "image_url": "https://s3-media1.fl.yelpcdn.com/bphoto/pfN50wFo7d41L_N0syWhCw/o.jpg", "is_closed": false, "url": "https://www.yelp.com/biz/daves-new-kitchen-evanston?adjust_creative=9k71bqKa01jQrg_YkTuweA&utm_campaign=yelp_api_v3&utm_medium=api_v3_business_search&utm_source=9k71bqKa01jQrg_YkTuweA", "review_count": 96, "categories": [{"alias": "desserts", "title": "Desserts"}, {"alias": "pizza", "title": "Pizza"}, {"alias": "italian", "title": "Italian"}], "rating": 4.0, "coordinates": {"latitude": 42.0585649, "longitude": -87.6823699}, "transactions": [], "price": "$$", "location": {"address1": "815 Noyes St", "address2": "", "address3": null, "city": "Evanston", "zip_code": "60201", "country": "US", "state": "IL", "display_address": ["815 Noyes St", "Evanston, IL 60201"]}, "phone": "+18478646000", "display_phone": "(847) 864-6000", "distance": 1632.8072146277134}, {"id": "HLaD0rhMgaScIokY7rsBZA", "alias": "burts-place-morton-grove-2", "name": "Burt's Place", "image_url": "https://s3-media3.fl.yelpcdn.com/bphoto/rADlGdY11zVZxFtrDJ-r9A/o.jpg", "is_closed": false, "url": "https://www.yelp.com/biz/burts-place-morton-grove-2?adjust_creative=9k71bqKa01jQrg_YkTuweA&utm_campaign=yelp_api_v3&utm_medium=api_v3_business_search&utm_source=9k71bqKa01jQrg_YkTuweA", "review_count": 506, "categories": [{"alias": "pizza", "title": "Pizza"}], "rating": 4.0, "coordinates": {"latitude": 42.0369, "longitude": -87.78461}, "transactions": [], "price": "$$", "location": {"address1": "8541 N Ferris Ave", "address2": "", "address3": null, "city": "Morton Grove", "zip_code": "60053", "country": "US", "state": "IL", "display_address": ["8541 N Ferris Ave", "Morton Grove, IL 60053"]}, "phone": "+18479657997", "display_phone": "(847) 965-7997", "distance": 7425.094348095177}, {"id": "x-puGC2VpAD07El2_r4Bcg", "alias": "ten-mile-house-evanston", "name": "Ten Mile House", "image_url": "https://s3-media1.fl.yelpcdn.com/bphoto/jwod6F1qipKRDvtTvA6EcQ/o.jpg", "is_closed": false, "url": "https://www.yelp.com/biz/ten-mile-house-evanston?adjust_creative=9k71bqKa01jQrg_YkTuweA&utm_campaign=yelp_api_v3&utm_medium=api_v3_business_search&utm_source=9k71bqKa01jQrg_YkTuweA", "review_count": 244, "categories": [{"alias": "comfortfood", "title": "Comfort Food"}, {"alias": "pizza", "title": "Pizza"}, {"alias": "burgers", "title": "Burgers"}], "rating": 4.0, "coordinates": {"latitude": 42.0639992, "longitude": -87.6962128}, "transactions": ["pickup", "delivery"], "price": "$$", "location": {"address1": "1700 Central St", "address2": "", "address3": "", "city": "Evanston", "zip_code": "60201", "country": "US", "state": "IL", "display_address": ["1700 Central St", "Evanston, IL 60201"]}, "phone": "+18479050669", "display_phone": "(847) 905-0669", "distance": 1827.3432103185262}, {"id": "-nL_aaa4fqYMhxE6rHIWrQ", "alias": "union-pizzeria-evanston-evanston", "name": "Union Pizzeria-Evanston", "image_url": "https://s3-media4.fl.yelpcdn.com/bphoto/I9IxX_R_sFhgsJIIHWSUOw/o.jpg", "is_closed": false, "url": "https://www.yelp.com/biz/union-pizzeria-evanston-evanston?adjust_creative=9k71bqKa01jQrg_YkTuweA&utm_campaign=yelp_api_v3&utm_medium=api_v3_business_search&utm_source=9k71bqKa01jQrg_YkTuweA", "review_count": 416, "categories": [{"alias": "italian", "title": "Italian"}, {"alias": "pizza", "title": "Pizza"}, {"alias": "wine_bars", "title": "Wine Bars"}], "rating": 4.0, "coordinates": {"latitude": 42.0409316616987, "longitude": -87.6803231586021}, "transactions": [], "price": "$$", "location": {"address1": "1245 Chicago Ave", "address2": "", "address3": "", "city": "Evanston", "zip_code": "60202", "country": "US", "state": "IL", "display_address": ["1245 Chicago Ave", "Evanston, IL 60202"]}, "phone": "+18474752400", "display_phone": "(847) 475-2400", "distance": 1497.514978249258}, {"id": "vUPPFGB8m7F8bQGkh3-AfQ", "alias": "candlelite-chicago-chicago", "name": "Candlelite Chicago", "image_url": "https://s3-media1.fl.yelpcdn.com/bphoto/7erL_xQiDIIAM7ReWIXeXQ/o.jpg", "is_closed": false, "url": "https://www.yelp.com/biz/candlelite-chicago-chicago?adjust_creative=9k71bqKa01jQrg_YkTuweA&utm_campaign=yelp_api_v3&utm_medium=api_v3_business_search&utm_source=9k71bqKa01jQrg_YkTuweA", "review_count": 314, "categories": [{"alias": "pizza", "title": "Pizza"}, {"alias": "burgers", "title": "Burgers"}, {"alias": "sportsbars", "title": "Sports Bars"}], "rating": 4.0, "coordinates": {"latitude": 42.017466027951, "longitude": -87.690411998488}, "transactions": ["pickup", "delivery"], "price": "$$", "location": {"address1": "7452 N Western Ave", "address2": "", "address3": "", "city": "Chicago", "zip_code": "60645", "country": "US", "state": "IL", "display_address": ["7452 N Western Ave", "Chicago, IL 60645"]}, "phone": "+17734650087", "display_phone": "(773) 465-0087", "distance": 3398.6255626264897}, {"id": "PVP1URyHLEqXDP4xa_JXbA", "alias": "pizzeria-aroma-chicago", "name": "Pizzeria Aroma", "image_url": "https://s3-media1.fl.yelpcdn.com/bphoto/C0jX9VSUFeinZSXgcI9_Yg/o.jpg", "is_closed": false, "url": "https://www.yelp.com/biz/pizzeria-aroma-chicago?adjust_creative=9k71bqKa01jQrg_YkTuweA&utm_campaign=yelp_api_v3&utm_medium=api_v3_business_search&utm_source=9k71bqKa01jQrg_YkTuweA", "review_count": 261, "categories": [{"alias": "pizza", "title": "Pizza"}, {"alias": "italian", "title": "Italian"}], "rating": 4.0, "coordinates": {"latitude": 41.9779907467941, "longitude": -87.659553412215}, "transactions": ["pickup", "delivery"], "price": "$$", "location": {"address1": "1125 W Berwyn Ave", "address2": "", "address3": "", "city": "Chicago", "zip_code": "60640", "country": "US", "state": "IL", "display_address": ["1125 W Berwyn Ave", "Chicago, IL 60640"]}, "phone": "+17737694900", "display_phone": "(773) 769-4900", "distance": 8319.789864221153}, {"id": "qpquXZSnopLsIvpQd5Ybag", "alias": "j-b-albertos-pizza-chicago", "name": "J B Alberto's Pizza", "image_url": "https://s3-media1.fl.yelpcdn.com/bphoto/kLNWOSD-PYNInVlN5uO00A/o.jpg", "is_closed": false, "url": "https://www.yelp.com/biz/j-b-albertos-pizza-chicago?adjust_creative=9k71bqKa01jQrg_YkTuweA&utm_campaign=yelp_api_v3&utm_medium=api_v3_business_search&utm_source=9k71bqKa01jQrg_YkTuweA", "review_count": 460, "categories": [{"alias": "pizza", "title": "Pizza"}, {"alias": "italian", "title": "Italian"}], "rating": 3.5, "coordinates": {"latitude": 42.00826, "longitude": -87.66484}, "transactions": ["pickup", "delivery"], "price": "$", "location": {"address1": "1326 W Morse Ave", "address2": "", "address3": "", "city": "Chicago", "zip_code": "60626", "country": "US", "state": "IL", "display_address": ["1326 W Morse Ave", "Chicago, IL 60626"]}, "phone": "+17739731700", "display_phone": "(773) 973-1700", "distance": 5105.522654924837}, {"id": "OuYT8PGD4hWCDta5IFJ63w", "alias": "la-rosa-pizza-on-golf-skokie-2", "name": "La Rosa Pizza On Golf", "image_url": "https://s3-media1.fl.yelpcdn.com/bphoto/XnP23Fz07GV_3UJ3wxAu-w/o.jpg", "is_closed": false, "url": "https://www.yelp.com/biz/la-rosa-pizza-on-golf-skokie-2?adjust_creative=9k71bqKa01jQrg_YkTuweA&utm_campaign=yelp_api_v3&utm_medium=api_v3_business_search&utm_source=9k71bqKa01jQrg_YkTuweA", "review_count": 93, "categories": [{"alias": "pizza", "title": "Pizza"}], "rating": 4.0, "coordinates": {"latitude": 42.05554, "longitude": -87.72826}, "transactions": ["pickup", "delivery"], "price": "$$", "location": {"address1": "4012 Golf Rd", "address2": "", "address3": "", "city": "Skokie", "zip_code": "60076", "country": "US", "state": "IL", "display_address": ["4012 Golf Rd", "Skokie, IL 60076"]}, "phone": "+18476747540", "display_phone": "(847) 674-7540", "distance": 2787.70293444851}, {"id": "Rp6lxLDbaIww7sw8j6iUKw", "alias": "gullivers-pizza-and-pub-chicago-2", "name": "Gullivers Pizza and Pub", "image_url": "https://s3-media4.fl.yelpcdn.com/bphoto/YP6BloUH71QDpjai82O6CQ/o.jpg", "is_closed": false, "url": "https://www.yelp.com/biz/gullivers-pizza-and-pub-chicago-2?adjust_creative=9k71bqKa01jQrg_YkTuweA&utm_campaign=yelp_api_v3&utm_medium=api_v3_business_search&utm_source=9k71bqKa01jQrg_YkTuweA", "review_count": 347, "categories": [{"alias": "italian", "title": "Italian"}, {"alias": "pizza", "title": "Pizza"}, {"alias": "sandwiches", "title": "Sandwiches"}], "rating": 3.5, "coordinates": {"latitude": 42.019394, "longitude": -87.698325}, "transactions": ["pickup", "delivery"], "price": "$$", "location": {"address1": "2727 W Howard St", "address2": "", "address3": "", "city": "Chicago", "zip_code": "60645", "country": "US", "state": "IL", "display_address": ["2727 W Howard St", "Chicago, IL 60645"]}, "phone": "+17733382166", "display_phone": "(773) 338-2166", "distance": 3159.2416057345713}, {"id": "QU_WGUSXufR2CHU4-rtvOw", "alias": "trattoria-d-o-c-evanston", "name": "Trattoria D.O.C.", "image_url": "https://s3-media2.fl.yelpcdn.com/bphoto/ziPpOR6hbJC2pE7TpQ8hWQ/o.jpg", "is_closed": false, "url": "https://www.yelp.com/biz/trattoria-d-o-c-evanston?adjust_creative=9k71bqKa01jQrg_YkTuweA&utm_campaign=yelp_api_v3&utm_medium=api_v3_business_search&utm_source=9k71bqKa01jQrg_YkTuweA", "review_count": 175, "categories": [{"alias": "italian", "title": "Italian"}, {"alias": "pizza", "title": "Pizza"}], "rating": 3.5, "coordinates": {"latitude": 42.033695, "longitude": -87.680911}, "transactions": ["pickup", "delivery"], "price": "$$", "location": {"address1": "706 Main St", "address2": null, "address3": "", "city": "Evanston", "zip_code": "60202", "country": "US", "state": "IL", "display_address": ["706 Main St", "Evanston, IL 60202"]}, "phone": "+18474751111", "display_phone": "(847) 475-1111", "distance": 1996.9091203091796}, {"id": "so31wjAZvPBcjwoWmV7TKw", "alias": "the-big-tomato-wilmette-2", "name": "The Big Tomato", "image_url": "https://s3-media2.fl.yelpcdn.com/bphoto/WeojKnx4PloFLMO9Nn7uOw/o.jpg", "is_closed": false, "url": "https://www.yelp.com/biz/the-big-tomato-wilmette-2?adjust_creative=9k71bqKa01jQrg_YkTuweA&utm_campaign=yelp_api_v3&utm_medium=api_v3_business_search&utm_source=9k71bqKa01jQrg_YkTuweA", "review_count": 81, "categories": [{"alias": "pizza", "title": "Pizza"}], "rating": 4.0, "coordinates": {"latitude": 42.07624, "longitude": -87.70537}, "transactions": ["pickup", "delivery"], "price": "$", "location": {"address1": "1109 Central Ave", "address2": "", "address3": "", "city": "Wilmette", "zip_code": "60091", "country": "US", "state": "IL", "display_address": ["1109 Central Ave", "Wilmette, IL 60091"]}, "phone": "+18472561800", "display_phone": "(847) 256-1800", "distance": 3276.3146766669156}], "total": 396, "region": {"center": {"longitude": -87.69596099853516, "latitude": 42.047751464985495}}}